T,FC,x1
1,1,5.127896339051867
2,1,7.5559028760017934
3,0,3.898413128402111
4,2,3.4300948805850746
5,2,6.561431991847914
6,1,7.3618412048139605
7,5,2.318833773869188
8,1,4.416595768992642
9,3,3.3407888812258353
10,1,4.139811467182286
11,0,6.903054062222282
12,1,5.322012436145444
13,4,5.114837444994264
14,3,6.373282453006636
15,3,6.639724649855766
16,0,6.308432745116567
17,1,7.420011638645373
18,1,3.140389907118079
19,1,7.762188263362084
20,1,4.213328228077584
