T,FC,x1
1,0,4.019720617424396
2,3,6.033098809586482
3,2,4.163623543332718
4,2,7.218927752121274
5,2,3.026277284989871
6,6,8.314654230350175
7,4,7.181561486251437
8,6,5.599908263822223
9,5,3.35318585058884
10,2,2.545488427413148
11,3,5.545246412501296
12,4,2.5447638763589167
13,2,7.5601471495275625
14,2,8.845986299209635
15,1,6.912878454299626
16,3,5.619295944689846
17,5,6.440262082654423
18,1,8.929177864403083
19,2,2.687774255667315
20,4,6.395673722949496
