T,FC,x1
1,1,6.305717115380598
2,1,7.605416875301437
3,1,7.101031399083353
4,5,7.231238396961405
5,0,7.012705668034566
6,1,5.394921025364402
7,4,5.856932655825599
8,4,7.447581045319649
9,6,5.138201657781114
10,3,4.107715795324326
11,6,6.679158110000191
12,1,4.608010966255047
13,4,5.935911420351882
14,1,2.558436416976389
15,4,10.253710647836147
16,2,3.19838865554905
17,1,3.67699100084009
18,3,3.9747987198467083
19,2,2.442407258380992
20,0,5.523500458566784
