T,FC,x1
1,0,6.281875663202495
2,0,2.0006969132630097
3,0,7.384150844527033
4,0,3.095844820397867
5,0,3.35165056469281
6,0,2.0962009227760823
7,2,3.7441967067749222
8,0,5.070752566480177
9,0,7.1031089562497725
10,0,7.769250793493748
11,1,6.760340543994762
12,1,7.4960747140122335
13,0,4.54610809134957
14,0,3.360778746742551
15,0,5.1266238740936645
16,1,4.338604506633762
17,0,6.877812400636793
18,1,4.015611447361092
19,1,5.605647655705965
20,0,2.2097699749833017
