T,FC,x1
1,1,6.068661036138096
2,0,2.3529392699008995
3,1,4.679344742283378
4,0,7.578896442297212
5,1,4.792614420103736
6,1,6.45385634998268
7,1,5.0532016572256
8,1,3.5340095877016307
9,3,4.382113957488455
10,0,5.570903557033592
11,2,2.2593899444251093
12,1,5.332873578138497
13,1,4.6922241849174675
14,1,7.0022865362690645
15,0,3.01234026507104
16,0,5.5669843700363595
17,0,6.857808736946785
18,1,8.568658827593124
19,2,9.45095343555409
20,0,4.858491971476882
