T,FC,x1
1,0,4.4434585216703635
2,1,7.166159422330205
3,3,6.7370657222039005
4,2,13.980164671981758
5,3,5.102580502305469
6,5,4.602019803786798
7,2,4.675900704048405
8,3,7.441588535152585
9,1,7.477130195400434
10,3,4.3446565489834255
11,3,3.8679365322149755
12,8,2.2728220934588643
13,2,2.3854669368105657
14,1,6.168559227852483
15,2,3.642913202768473
16,2,5.345607303477916
17,2,10.533319703788115
18,3,8.335783572429092
19,3,3.3149180489689254
20,1,3.3583024839371767
