T,FC,x1
1,0,5.161666416231521
2,1,7.685028010829756
3,1,2.081514580419718
4,1,3.6498490261386847
5,0,2.3254434184499884
6,1,4.015718859643697
7,0,4.831452055486531
8,0,7.3863241416328815
9,0,4.869588861440833
10,4,6.487379549642242
11,2,7.712186552621846
12,1,8.093709548250043
13,3,6.885747187482377
14,2,7.403517072704199
15,1,6.100230212555464
16,4,4.002985457114155
17,0,6.062028304475467
18,0,7.7999460521982105
19,1,9.229840347568127
20,1,4.110865137813448
