T,FC,x1
1,0,2.042467290391741
2,1,7.4286325208078665
3,0,5.343350058941287
4,1,6.041909741970193
5,0,7.724274450216685
6,2,3.018954552132476
7,1,6.0282768464340055
8,2,6.244296287577246
9,5,10.299841476547288
10,2,5.149561781625002
11,1,6.1188692275878065
12,1,7.050317377905401
13,0,2.8187844639863044
14,2,4.300682221428813
15,6,3.514700441588913
16,2,4.864411545565355
17,3,4.005312346753877
18,1,5.953692788544392
19,4,3.011534685504424
20,4,3.0193630373454208
