T,FC,x1
1,1,2.705493769555546
2,2,3.6348184689958694
3,1,3.043706171102894
4,3,6.128561590992776
5,3,8.559487231801675
6,2,4.2375036861493225
7,2,4.242240208585046
8,4,7.161990341711664
9,5,4.0243466744050576
10,2,6.151012633893079
11,3,6.247266469555882
12,6,4.152178709085753
13,1,2.2997203615151927
14,5,5.048173860878796
15,6,4.442005196208135
16,2,6.683629482466136
17,2,5.362322349243532
18,5,3.429937252678633
19,0,7.429939669431158
20,2,7.226537077266899
