T,FC,x1
1,0,3.150740633890974
2,1,7.999234922984762
3,3,2.7879777384821054
4,3,3.19228463530965
5,4,2.3868020480977625
6,4,7.251205402615321
7,7,5.048178742363578
8,6,2.1528628762812136
9,4,4.579072539199995
10,7,9.246056970963913
11,7,6.39351101945466
12,3,8.606581296577223
13,3,8.249248761196428
14,1,6.283881398287183
15,5,7.420582180766061
16,2,7.163988670775064
17,4,5.249922177771359
18,2,3.7983401102965813
19,6,4.049970779515526
20,2,2.067994116574459
