T,FC,x1
1,0,3.5477498883935774
2,4,8.936907005721935
3,1,8.630647647571791
4,1,4.21347377666112
5,5,6.235337762856362
6,1,5.385699159390128
7,0,7.4673480554053615
8,1,2.517238141493786
9,2,4.443483845049947
10,3,4.537458078977128
11,3,6.127642484823045
12,1,7.012896064756855
13,4,6.4647339426322095
14,3,5.640268558217391
15,2,6.107093228551083
16,3,3.32658492845138
17,1,6.763433791608106
18,0,6.859807412203272
19,3,3.163959384118444
20,1,7.788400410811848
