T,FC,x1
1,3,4.473265879264495
2,1,4.624976382162899
3,4,3.2375590798816987
4,1,3.132410180253691
5,4,5.444747797312597
6,4,3.3539892076374773
7,7,8.471122539003577
8,7,7.238354757818966
9,3,5.440510959005441
10,4,2.6387195894086783
11,6,7.440784976932016
12,10,8.560201066323849
13,4,5.44276695310104
14,2,2.9122774411347967
15,6,9.750557762513377
16,0,7.808742724783628
17,3,4.046768894278258
18,2,3.143769164674819
19,2,2.1616144449947314
20,2,7.0910446351667735
