T,FC,x1
1,1,7.579028983994437
2,3,4.525198475895802
3,4,6.095889612374201
4,3,2.214124702907787
5,3,3.4354129093589645
6,6,5.921978349274621
7,9,3.0397452318827898
8,7,8.060387205584096
9,3,6.414069917409506
10,5,5.635663678231749
11,8,6.69705718860352
12,0,5.7166133676788
13,7,7.329797859408574
14,8,4.341229225708766
15,5,7.292549573457257
16,4,2.466169795976979
17,6,2.450189872427405
18,6,5.190016432352801
19,0,4.024132253752869
20,3,5.373168413359637
