T,FC,x1
1,4,4.7712828689051205
2,3,4.2190324115651645
3,1,7.970873177611264
4,1,6.591484176865417
5,2,4.352668929748168
6,1,6.189908732709663
7,2,6.0278263771305385
8,1,4.385177481874953
9,5,4.134643469326133
10,3,6.022939495618639
11,2,5.91312912551374
12,1,6.385204406302758
13,3,4.039733814859654
14,2,2.9380097696943754
15,4,4.839056006782478
16,1,5.598250930423535
17,3,5.002084753538388
18,1,3.3870957891592024
19,4,6.317159051318231
20,4,2.598423030156028
