T,FC,x1
1,0,13.061115257902669
2,1,5.516205428476967
3,0,7.07278708318043
4,1,9.473284723224129
5,1,4.058803307464343
6,4,11.211878021873337
7,2,7.410523326769503
8,2,5.6218233527625605
9,4,6.074398218257354
10,1,8.128727449088826
11,1,6.2488308170341345
12,4,6.900586178808615
13,2,7.209739262624647
14,3,2.337062080701926
15,1,2.6501455563359175
16,2,2.42148210196556
17,0,3.1543840931671445
18,2,8.000596874493565
19,4,5.952370510792169
20,2,4.533163027627166
