T,FC,x1
1,1,5.608619943082093
2,1,5.0793366017707555
3,1,5.376788555184545
4,4,6.361732156131403
5,3,2.644466551790705
6,6,7.006756099891032
7,2,2.441851952607001
8,4,5.861717230646134
9,1,2.0806461669215923
10,2,6.097437457261541
11,3,3.9400108275104295
12,3,7.2030335995933035
13,2,6.729272042907211
14,2,4.123604121555992
15,3,6.571972857294091
16,2,7.340111459992606
17,0,3.561259744524014
18,3,3.456430569421153
19,2,5.079530384323815
20,1,6.788162653926328
