T,FC,x1
1,1,6.290049393580544
2,1,7.908018532482241
3,0,6.590237663057522
4,1,6.081161878265222
5,1,2.7722281100599004
6,1,3.339376351588854
7,3,3.0861793613924986
8,3,5.400416310383628
9,4,8.205657499585348
10,4,2.0805684978411647
11,2,8.627421146123064
12,0,3.7861243841564436
13,1,6.823110227202936
14,2,6.076512259435701
15,2,6.4362806266463
16,4,6.23205555461975
17,0,6.58782408690692
18,2,7.138706791149254
19,0,7.58237722519032
20,0,5.618825412446733
