T,FC,x1
1,1,9.138792486711909
2,2,2.2587674772078468
3,0,6.226751274232893
4,2,5.190263006806331
5,3,4.411614514951021
6,1,3.1488568096867726
7,0,5.268524346643332
8,1,2.3049369277593237
9,1,3.912539021523564
10,0,4.060284894714978
11,2,6.394034961445946
12,0,5.102890208166762
13,0,7.143297076556572
14,0,4.909916285111855
15,2,3.0616383544315156
16,1,10.471660061345451
17,0,7.295423006822231
18,0,3.0267197607289367
19,0,4.387214218834724
20,0,8.446110985790206
