T,FC,x1
1,1,2.7647530005035144
2,2,4.260610154897068
3,1,4.144009659956804
4,2,8.055254260686048
5,2,4.856968547302214
6,0,5.022980387436658
7,6,3.1866540951407685
8,1,6.424920464830655
9,1,5.332705171068355
10,2,4.558202385891169
11,3,6.226522129025855
12,1,9.320636934213846
13,0,6.162224641122323
14,0,3.03717490465491
15,1,11.143502032123621
16,1,4.8272808720861295
17,1,4.59310542468665
18,2,3.00551660456109
19,0,6.271230001204889
20,1,2.99138864848406
