T,FC,x1
1,1,5.098267383683223
2,1,3.217921658745074
3,7,4.049553010671071
4,2,3.2977311995065492
5,8,5.222288857603523
6,2,7.501485707734247
7,5,3.5139455265481687
8,5,4.656917234831438
9,1,3.7596304078202776
10,9,6.477736548865608
11,8,6.651623969181064
12,6,9.20907889963107
13,7,4.823367741661332
14,4,6.500631832737668
15,5,7.244193537597842
16,9,7.152008185266428
17,2,2.434174727593589
18,2,7.424657055587122
19,3,4.916411912847671
20,1,3.725355963568312
