T,FC,x1
1,1,7.459370212239204
2,80,3.270520806138174
3,47,7.655287962130231
4,17,2.2136858325743196
5,3,3.022253517024579
6,1,4.257813417079287
7,0,4.351027522451587
8,0,6.322859420695851
9,0,6.041502706924965
10,0,8.186237371671522
11,0,7.243538079448259
12,0,3.936430812623273
13,0,5.108687819241636
14,0,7.258755355254067
15,0,2.543136984200022
16,0,7.508350130363085
17,0,5.765058469836401
18,0,4.335176101951652
19,0,7.768717209841281
20,0,3.2901930005133124
