T,FC,x1
1,0,6.721492117609927
2,0,2.728966269766562
3,2,7.3289434976082894
4,0,5.055889197997024
5,2,6.369695055537302
6,1,4.099931722674836
7,3,4.883653358589556
8,2,2.5583142042866736
9,2,3.3148849937880858
10,1,4.940946148984658
11,3,4.9884546539062455
12,1,2.1801268888448107
13,1,6.1495505322658985
14,2,5.3156234479480835
15,1,7.805274644013384
16,0,6.114074657211011
17,4,4.633037225938348
18,1,6.2486102833087465
19,2,6.080187661185574
20,4,5.97679539054958
