T,FC,x1
1,3,7.392502291594889
2,6,4.688955092040887
3,2,2.1777249475517513
4,2,3.78289918674065
5,1,6.060437627696971
6,4,7.165853184390782
7,4,4.492244291775945
8,2,5.326787268952518
9,2,5.925688647235972
10,0,4.455823284229491
11,3,6.358054057504715
12,2,7.41658571958421
13,1,7.370322801222955
14,2,3.88956660676526
15,2,6.94804772104012
16,3,4.382360229139152
17,1,7.16926241984331
18,1,6.335560977790537
19,0,4.538830859231382
20,4,8.483024664883335
