T,FC,x1
1,0,5.071337759550808
2,0,7.538703719059757
3,1,7.1930418747608424
4,5,9.42182256435282
5,3,5.057731432525031
6,4,7.259777594903587
7,3,3.750976781202287
8,2,4.165427056989586
9,1,2.7410770683582473
10,1,6.075328367385347
11,2,8.594981975984258
12,2,2.2383577958586933
13,1,6.795424050311236
14,3,5.423775536145698
15,0,7.798261059312611
16,5,5.3604993598956945
17,3,8.759099066783195
18,4,4.92949423978811
19,3,6.918480795641737
20,2,7.39176158586946
