T,FC,x1
1,1,5.21795655979555
2,2,4.913083155742457
3,1,3.216761340023969
4,0,4.695633347788059
5,0,6.04306242119311
6,2,7.666517247004219
7,1,5.870418314282862
8,0,5.338917557370016
9,0,4.397171256856265
10,0,4.778284654286253
11,2,6.22384111632131
12,0,7.242574457132277
13,1,4.412689253511118
14,0,2.1144119755381903
15,1,2.9945567756669873
16,1,8.09947045862634
17,0,5.252175766601143
18,1,2.225078235696231
19,0,5.156874258444236
20,3,3.1942637315602997
