T,FC,x1
1,1,4.191689845213672
2,2,3.704349713134037
3,1,4.032422850727568
4,2,6.403240684527358
5,8,3.6982066499331285
6,4,7.16636943338418
7,3,3.6097225599327984
8,5,6.9465166636284
9,1,9.188848105451944
10,8,5.000956224299916
11,2,2.8748675420720002
12,6,4.247523955327483
13,3,7.332361138176556
14,8,7.335908957239301
15,3,6.141437040761231
16,4,8.2876344392911
17,6,6.281852694189001
18,3,2.683410008886465
19,7,8.062137448909601
20,4,5.8389531398146115
