T,FC,x1
1,0,4.605116264861988
2,1,6.575016541313859
3,3,5.245198731155581
4,6,5.024761090284147
5,9,8.237248312366834
6,3,3.1779300895449403
7,3,2.207637646300231
8,6,3.230452442137033
9,6,3.328599133191994
10,6,6.374447760743539
11,7,2.176568363614152
12,9,3.556138533348967
13,10,6.58793993440889
14,3,7.20781236522411
15,9,2.0961002314509267
16,7,10.100856092359908
17,2,4.817971987953852
18,4,7.373249479555343
19,6,8.372682447999459
20,3,3.672271516518842
