T,FC,x1
1,0,7.657978033476744
2,3,8.54249686002526
3,1,4.097887596308765
4,2,3.097698889461803
5,4,3.511126546701719
6,3,3.325371735339679
7,2,8.605094640595539
8,2,4.79752590183723
9,5,5.204216512208876
10,4,7.313419758504093
11,3,4.1173415703256016
12,4,7.096363345253943
13,1,6.735617870919003
14,3,5.061865311619801
15,0,8.133922685308805
16,1,5.518098125022178
17,3,4.1892787465570125
18,1,6.9734229153203815
19,4,6.553440438611528
20,2,6.074519424294062
