T,FC,x1
1,0,5.378771255333382
2,66,7.166938154483318
3,46,2.267600294158025
4,7,2.367501511714331
5,5,2.2687126892466583
6,0,3.5171972798377613
7,0,5.229314427803698
8,0,5.176386272212196
9,0,7.3128586481184445
10,0,5.226733251291343
11,0,5.3330572628874755
12,0,7.756511379228797
13,0,7.657879275600764
14,0,6.209497185581657
15,0,6.174341020956675
16,0,3.4608933208953814
17,0,5.180952702196003
18,0,2.0124928930865735
19,0,3.25927065979429
20,0,7.032281458018377
