T,FC,x1
1,0,8.14147823734393
2,0,6.94217880964205
3,0,2.5110620023916397
4,1,2.4897280740786294
5,0,2.1592523826683214
6,0,5.072622006061275
7,1,4.155674217190438
8,0,6.378692674219334
9,2,6.768314856775297
10,0,6.707495262481574
11,3,3.308308952335252
12,0,2.0091693761028555
13,1,7.372491721352168
14,0,2.259824551409201
15,0,3.3323980371361133
16,1,5.3483466379870634
17,0,4.342083053157164
18,1,9.739262294114125
19,2,5.64900062449511
20,1,5.319556001658087
