T,FC,x1
1,3,4.879495910787799
2,2,7.186228632614869
3,6,3.183557218106562
4,1,2.4269956014882887
5,1,5.051129067506283
6,2,7.688036092815591
7,3,6.003159031117535
8,0,6.805061582542013
9,2,2.172811726921687
10,1,3.034390126316319
11,4,3.1369410211236985
12,3,6.849852281388529
13,4,6.786060489960947
14,5,3.352294253381352
15,3,3.0650222550153634
16,2,8.50947628051226
17,2,4.65805076892365
18,2,2.3035357149172926
19,4,2.237331457199057
20,3,7.45935220326911
