T,FC,x1
1,0,4.145157526018556
2,4,2.1288612584797972
3,4,3.0792664368923397
4,2,3.5959821464279393
5,4,6.580724332828086
6,2,2.641389661113057
7,2,6.449837382547497
8,7,5.3524557367333605
9,7,7.683242576284933
10,4,3.4877214110350554
11,2,8.634519454531718
12,4,4.944541277903483
13,7,6.428558886743772
14,5,5.084677103742205
15,2,7.823609704641908
16,5,2.243613464402717
17,10,6.553064727672285
18,5,4.122392723519617
19,3,7.303083375543501
20,4,4.604380301952151
