T,FC,x1
1,0,5.087950872272788
2,2,5.567029053477315
3,2,3.3226023709297676
4,2,7.757956931815039
5,5,8.183750297370734
6,4,7.516444544436644
7,2,7.801308146978457
8,2,6.109740309905521
9,1,5.015404623291778
10,2,6.075217657619011
11,3,3.260402448603574
12,5,8.002100884822246
13,3,4.430410865891071
14,3,4.228596842350801
15,3,4.911079714507874
16,5,7.004127090895161
17,2,7.465708337316197
18,1,3.7555374072018446
19,0,6.926114366881183
20,2,8.028562971233772
