T,FC,x1
1,3,6.2374522265783785
2,6,3.9105542713038224
3,2,5.215415532881188
4,2,7.945829241222476
5,5,5.130742411185981
6,5,7.346261110937498
7,2,6.1436291291501295
8,4,4.412015615276622
9,1,4.242990748859707
10,7,5.110439642079289
11,2,7.527433985831193
12,1,7.4506066579773655
13,2,3.753677016474694
14,3,3.710976402232138
15,3,5.366015844408772
16,2,5.668032463631874
17,2,7.666880467102419
18,0,7.233287966803873
19,1,3.3869943380287584
20,2,4.378968722470421
