T,FC,x1
1,1,8.43254511723205
2,1,2.201649570492016
3,0,4.505254269885849
4,0,7.962889940141382
5,0,8.188653178272148
6,0,9.695249647486959
7,2,7.261937343538608
8,5,5.322540302247831
9,2,7.026362694195964
10,3,6.586538885987991
11,5,2.4083524589427587
12,3,2.3795574494437486
13,7,4.274856807990206
14,3,6.9330270784437165
15,3,6.174629873079016
16,4,5.469503681726529
17,3,2.7555117846654484
18,2,4.38898293206884
19,5,3.0039740549413345
20,4,4.737498682061476
