T,FC,x1
1,4,8.176046943804886
2,1,5.396480863649489
3,2,6.783482126261543
4,5,3.0042771390422267
5,7,4.3938096077251
6,1,5.91429326407578
7,1,4.349532212592555
8,7,5.7259232706666126
9,3,6.475347341676756
10,5,8.441434820590544
11,3,5.032918684276849
12,2,6.094900392560004
13,0,8.07407878605456
14,5,5.2583631598410445
15,3,7.1299953242409755
16,3,5.376481921883712
17,5,3.9739725942003044
18,5,8.121855757267475
19,1,7.124824307406717
20,2,7.468165999516881
