T,FC,x1
1,0,4.551403068885254
2,2,3.0171607890077747
3,0,4.942298926820008
4,1,9.073398195571652
5,0,7.521872307559403
6,1,2.4969893719301006
7,2,6.113780944286006
8,3,6.245054758587823
9,4,6.771226078241757
10,2,2.03962465776801
11,3,8.828669199109836
12,2,6.277937894074309
13,4,6.093440563216047
14,1,3.1436655083213956
15,1,6.3633663172136155
16,4,6.0555347877826975
17,2,7.280813814547805
18,1,2.696695981421745
19,2,4.474504188177369
20,1,6.682356135240225
