T,FC,x1
1,1,6.706039630087154
2,2,2.323717595789941
3,2,10.073087966401904
4,2,4.428421416986799
5,1,6.748885761632788
6,0,4.047920448468439
7,2,2.651766052936286
8,0,11.266190069231968
9,1,7.655393518483179
10,0,4.201576758528115
11,3,5.629999807891748
12,0,4.177032347413319
13,6,3.0174615723198572
14,2,6.798063062449527
15,4,3.316639924133512
16,2,5.295123812964148
17,1,7.236025361737118
18,3,3.289210035205644
19,0,4.076812925173196
20,2,5.16010577115682
