T,FC,x1
1,1,3.203543639354859
2,1,6.0989750480998355
3,2,7.892469542225479
4,2,4.076452461122039
5,1,4.010857424822118
6,1,6.095573478872286
7,0,5.078225015037213
8,0,5.847664535546134
9,0,5.384359999639728
10,0,3.9324440244074985
11,0,4.378634231722499
12,0,4.494577554706408
13,0,6.07966550814303
14,1,6.084837396084193
15,0,6.357417020230499
16,2,9.236316763015552
17,1,2.8786436945326153
18,0,4.015812535665832
19,0,5.8780436612503495
20,2,5.213008712817692
