T,FC,x1
1,2,7.075628725031583
2,0,6.259417366935397
3,1,4.658449203728386
4,0,7.322416025219617
5,5,4.228744609405247
6,5,5.844335074660134
7,5,6.103968709351354
8,5,2.3635251184119914
9,6,6.863078896060041
10,3,7.697701968921761
11,1,4.019448755583543
12,4,7.640745474513233
13,2,6.144278567617318
14,2,3.4410704261650866
15,2,4.947586233963625
16,3,5.234491653978443
17,3,10.304196235766018
18,2,7.495713180036704
19,0,7.7912616756309365
20,1,7.372099914468036
