T,FC,x1
1,3,6.66997659023917
2,71,2.2022914324161884
3,48,6.906046631010529
4,17,3.027382550601616
5,3,3.5383916988954636
6,0,7.1578182756080135
7,1,6.359967967746293
8,0,3.283527438215357
9,0,5.083443248743299
10,0,6.966945235282944
11,0,3.3915681437034415
12,0,7.690154820016403
13,0,2.86279577443857
14,0,7.798068801613078
15,0,4.58024415583057
16,0,4.963951251769231
17,0,7.842552948733351
18,0,7.093083035376519
19,0,7.257745408000372
20,0,3.4500769079028264
