T,FC,x1
1,3,10.693748012534641
2,4,5.966596812590901
3,0,5.8279902074788605
4,1,3.8316633822450568
5,0,2.1578222708242953
6,1,5.522587346845704
7,2,7.122563629771383
8,2,2.0173199872973053
9,1,4.78124907796671
10,3,3.029610616292482
11,1,5.051780328956726
12,1,5.563527210904958
13,1,7.336929996358331
14,1,5.546978367437111
15,0,3.86618776101598
16,0,6.561622264975157
17,2,4.164456871711635
18,0,2.160402288329704
19,0,5.01402366137353
20,0,5.0018134825634375
