T,FC,x1
1,2,3.889252291447887
2,3,8.82945224233129
3,1,5.413579956851759
4,1,2.281275944555918
5,2,5.153114912545523
6,3,5.562730696998065
7,1,3.2122585568801116
8,3,5.261668074141328
9,1,8.160524514107774
10,2,6.14452124689342
11,1,6.40228651162901
12,0,2.050674262483022
13,3,2.2698177423179526
14,1,2.8323556890516715
15,3,4.625878620111482
16,3,6.432182603390825
17,2,5.25512394123712
18,0,7.089085032107944
19,2,2.3624910498467306
20,1,5.137526217043484
