T,FC,x1
1,0,7.329172480184694
2,0,4.405379061192031
3,1,3.673492783285565
4,1,7.301440027595341
5,0,2.3378169425066737
6,0,7.266127212757569
7,3,3.360703736953737
8,1,8.055752784889611
9,1,3.5869240629088197
10,0,6.340055785387652
11,0,4.558106204482745
12,0,2.1554125572049707
13,0,2.6387895590990023
14,1,5.546295695512338
15,1,3.4394312877532123
16,2,3.3552098156101993
17,1,7.275352922188519
18,0,6.301090545022511
19,0,4.217935271721137
20,2,7.37895510602336
