T,FC,x1
1,0,5.9599276951917135
2,55,3.656363747769575
3,44,9.166105652694577
4,9,7.253433164465459
5,1,8.043234769268505
6,0,6.866826199010743
7,0,9.097890702251938
8,0,8.191332551879182
9,0,6.005737397791218
10,0,6.523072636810463
11,0,5.9169973128025255
12,0,3.002788151389654
13,0,6.753318116705255
14,0,6.381021412132713
15,0,2.5343391618266935
16,0,7.411326240649243
17,0,7.2212140843627095
18,0,5.8633873936566285
19,0,10.45473957444553
20,0,3.298539651791549
