T,FC,x1
1,0,4.071896534990388
2,2,3.124420948090629
3,3,6.080489235166761
4,1,7.0754053007359765
5,3,5.781325830963335
6,3,5.855891964150906
7,5,5.757289357109108
8,6,7.712283406689777
9,7,3.3214997612901245
10,5,6.215231006764829
11,1,5.4082966153368055
12,3,4.0248317037699834
13,10,5.844672296784573
14,0,4.135538604526069
15,10,5.713573280249735
16,4,4.236877958701627
17,2,3.030297396107963
18,3,6.1407994701353585
19,3,6.897066345804426
20,4,4.553457372058847
