T,FC,x1
1,1,4.08890580170984
2,0,4.345388117604808
3,3,5.4427086451913125
4,2,10.439960101503349
5,2,7.3823230227951
6,4,4.15826181878758
7,4,5.632621700270384
8,2,8.520038909202192
9,3,4.090590530503047
10,5,7.775738124249677
11,1,2.7206538590101763
12,2,4.91872132409144
13,4,9.019034504323189
14,4,3.385557451081871
15,2,5.521229095648756
16,2,9.384968165228422
17,1,4.311422074884553
18,2,7.140616767292526
19,1,4.779672875864275
20,0,3.0304354439049495
