T,FC,x1
1,5,8.468384939205162
2,4,6.917789935349213
3,2,10.016787304605469
4,3,4.660526430030831
5,5,8.486463709373316
6,2,5.760971075710595
7,2,2.442378653408209
8,3,3.0984480369619405
9,1,6.370893710522159
10,2,7.264178200148382
11,5,4.8496651930977865
12,2,7.563175436218101
13,1,7.3361262774189235
14,0,7.232211010047928
15,1,2.224792463865995
16,4,4.321913039653455
17,3,8.160902530908682
18,1,5.361045142301194
19,2,6.38783642433181
20,3,3.1592618021233365
