T,FC,x1
1,0,3.442889234609819
2,54,6.046465457080124
3,44,3.098998783522123
4,11,8.040065771591324
5,3,8.2434857229138
6,1,6.312761598961575
7,0,2.9055000275859992
8,0,3.607592577716143
9,0,6.096080122570039
10,0,6.596708652175003
11,0,6.641915862193108
12,0,2.4857578212570246
13,0,7.102676080551411
14,0,6.3598750237624415
15,0,7.593001607208166
16,0,7.114546107809778
17,0,7.353821321810132
18,0,9.124050055989493
19,0,5.714803568656644
20,0,7.266188766825396
