T,FC,x1
1,1,4.653872149946326
2,4,7.979060071272816
3,4,4.156843027079755
4,4,3.622742524235015
5,1,4.480757953765484
6,3,6.565372660696864
7,1,3.939128456713317
8,2,6.131277770042033
9,0,5.313639622930273
10,1,5.157053821470604
11,1,8.02981306230986
12,1,3.1279159653801063
13,1,5.590708162508709
14,1,3.0049940376033857
15,0,4.710104076092922
16,0,4.482190790529444
17,0,4.41604831405621
18,0,7.5475901588248435
19,1,3.1680598226482064
20,1,3.3272375975924664
