T,FC,x1
1,0,7.169621110173818
2,0,4.028194744077273
3,1,8.65386383650402
4,0,3.126012144067866
5,0,3.257360732351585
6,0,7.156241959467849
7,0,3.0386419659715322
8,1,2.368107084073209
9,0,5.156674805714292
10,0,5.699902861235292
11,1,5.090624839908891
12,0,3.791591128727392
13,2,8.190649026336121
14,0,6.3604801784833045
15,1,8.353603534476601
16,0,4.061962761499148
17,1,7.466578790092257
18,1,7.105019446345106
19,0,2.013198582408826
20,0,5.51135429697794
