T,FC,x1
1,4,9.34041591416413
2,1,2.0516804168323595
3,2,5.540034879106409
4,3,6.0607028042444
5,0,4.253849582990501
6,3,5.293084449276252
7,0,6.2498635774702604
8,2,6.890171586079367
9,1,5.057744305292462
10,5,3.613398147808968
11,2,6.178539175769642
12,3,7.658083714596655
13,0,3.0134472956953697
14,1,5.577110842256683
15,1,3.792023915986901
16,3,6.569197408793207
17,1,11.260417114146922
18,1,6.801659781327608
19,5,11.23569190327517
20,2,2.50066171812426
