T,FC,x1
1,5,7.504990917160276
2,2,6.68666725417981
3,3,2.9234830669682395
4,1,5.1928822508812065
5,5,6.534969762346955
6,1,3.0510142617960874
7,0,6.8024538010977595
8,3,9.092277708860255
9,1,6.238286379605713
10,5,3.4082974400708426
11,1,3.5664250246996785
12,3,4.009432750308276
13,2,5.77842573813562
14,1,2.7791975473449595
15,5,2.5192029144252337
16,2,3.219957926571015
17,4,7.522271644863427
18,1,2.24160456306029
19,4,2.870483029377293
20,1,4.037350197050536
