T,FC,x1
1,1,3.084059174466115
2,78,8.289042178380088
3,36,6.309765232510577
4,5,4.90526894157583
5,1,4.248115430816364
6,1,7.712776786100376
7,0,7.070171510132601
8,0,5.804668852472677
9,0,5.002609040952113
10,0,8.393112190393387
11,0,7.453974372866864
12,0,3.0575015525682767
13,0,5.576918057229374
14,0,5.269588225905599
15,0,5.559301214264351
16,0,7.250497944281321
17,0,5.8029755723117855
18,0,7.032258776027172
19,0,6.1508863151929765
20,0,4.3392096068289625
