T,FC,x1
1,0,6.059635037884555
2,4,7.632524875227228
3,2,6.597319955553211
4,5,5.692157415546488
5,6,7.764400124879027
6,7,6.249989843466301
7,4,7.111163681343669
8,5,7.335317291625325
9,3,4.852776553322457
10,12,7.002594704019277
11,9,8.455033770264489
12,3,3.0153610239558044
13,3,3.3636824373858256
14,0,5.351830632934471
15,5,8.14668279698514
16,2,6.119236830073836
17,5,5.3618824807001815
18,4,2.707223073190279
19,2,8.203740319376756
20,1,3.9162635770584906
