T,FC,x1
1,1,5.494360546690754
2,0,10.128237070598047
3,1,4.006066722966433
4,3,6.61726279682942
5,1,7.10701220243479
6,2,8.835939635549131
7,1,5.941567977564407
8,0,6.594405989006434
9,1,4.764987279917861
10,2,6.787567962896169
11,2,5.2701462737303
12,2,7.351125249148247
13,5,6.331156662389752
14,0,5.855256573342721
15,1,6.965925369111382
16,1,7.817634351547736
17,1,5.84023179354987
18,0,4.337258277337136
19,1,4.305728203986747
20,0,8.050152090643689
