T,FC,x1
1,1,6.267447778133861
2,0,3.342000343173105
3,1,4.875386528476908
4,0,5.475456874779122
5,0,7.092257650034198
6,2,10.70080221107883
7,0,7.354324728111086
8,2,7.766379697513147
9,1,7.834705323373039
10,1,7.189251368722253
11,0,5.275673716268763
12,0,7.042074401614247
13,0,3.023525320596688
14,1,6.129305534009838
15,0,4.047361889692926
16,1,6.042792183349797
17,2,8.274886344810879
18,0,7.677611500161315
19,2,9.083497469715343
20,0,6.300702830047619
