T,FC,x1
1,0,6.988251894985975
2,68,3.6152732223675708
3,39,4.047495552049233
4,14,9.252534817584237
5,3,3.164480210811391
6,1,6.608994198204277
7,0,3.211837055809328
8,0,5.588716534179396
9,0,8.570548581998262
10,0,4.2026939683601485
11,0,4.059272542536922
12,0,3.2147370826127055
13,0,2.647296962555635
14,0,8.327894096666855
15,0,2.8283703784058285
16,0,8.286758372295543
17,0,3.387897629779541
18,0,7.712946951693107
19,0,3.3096528881387375
20,0,6.062321877419549
