T,FC,x1
1,2,2.064857780696463
2,1,7.420086266091458
3,0,3.4293796608537783
4,0,3.102286721498177
5,0,4.257541001375082
6,0,5.157693277147155
7,0,6.791997518382822
8,0,7.067530314013188
9,2,2.2127222926084733
10,3,2.8297792083102467
11,2,4.281154226387169
12,1,5.862781860276863
13,1,6.567080834782313
14,1,5.188036076956514
15,1,5.00042078509857
16,0,7.442735653243353
17,3,6.986123854182498
18,2,4.7842901249344605
19,1,7.289489362676449
20,2,4.345922504556224
