T,FC,x1
1,1,8.05311875472836
2,1,8.84772285483635
3,0,4.588344802399693
4,1,2.6623026807492205
5,1,6.04945971673875
6,0,7.127501972236282
7,0,5.044571324134574
8,2,3.048866357757665
9,0,2.1894536093531287
10,0,5.730674333399887
11,1,3.0016613137595582
12,1,5.029579109694582
13,0,6.819836158608556
14,0,8.461511019910905
15,0,3.408329243985529
16,1,6.106974000204692
17,0,3.050570440574104
18,0,5.460734742927303
19,1,5.589814455309329
20,0,5.670614132905488
