T,FC,x1
1,1,6.165734537021773
2,5,2.7818569145836136
3,4,6.017776442781398
4,3,3.416883257686187
5,4,6.539731406390904
6,5,3.1553788338865294
7,2,2.7247214563648807
8,1,5.778234608976699
9,3,3.528952872629033
10,2,3.2828267557246344
11,7,5.935447965562985
12,0,3.2227505837882844
13,3,5.644063242699636
14,1,5.272397977256762
15,3,4.662587473446504
16,3,2.6227776633049116
17,3,4.133859885831713
18,2,8.745654338104481
19,0,2.964494518309661
20,2,5.063646326241869
