T,FC,x1
1,1,3.2202401812934176
2,57,6.079020472140678
3,36,4.919985934023124
4,7,7.1021880061219305
5,2,4.416507590580527
6,2,4.9979687231390555
7,0,9.044969767974692
8,0,6.355830342563711
9,0,6.154985065321457
10,0,7.065365934618436
11,0,6.289720390617253
12,0,2.8037717509956255
13,0,6.505751180890966
14,0,3.311831070064485
15,0,7.537823550397326
16,0,4.0285341416465155
17,0,2.6319856204952607
18,0,5.123108007821977
19,0,7.897304440642911
20,0,9.671635582626017
