T,FC,x1
1,2,7.228322407210664
2,1,4.888341362015702
3,2,6.6754903802731445
4,1,4.636175765355255
5,0,6.534156831079462
6,2,2.3550234230232125
7,1,3.6059745187755436
8,1,6.314207357573467
9,1,4.537330516114882
10,1,5.670927064419885
11,3,3.448534578652403
12,1,2.16553704564923
13,2,3.399757079219939
14,3,8.26617774877625
15,3,3.3497186756185675
16,0,2.4770786824418236
17,2,4.060249124575374
18,0,4.190104597644536
19,1,5.005242693340638
20,0,7.350427149482769
