T,FC,x1
1,1,7.557442726239406
2,62,7.063549918972617
3,30,3.305345596006852
4,9,5.874303440413004
5,0,5.463905088903929
6,1,8.123945549019151
7,0,6.653342050812873
8,0,9.847669925510246
9,0,4.355578876471291
10,0,6.9047503518833295
11,0,6.522893530706574
12,0,3.059395873419568
13,0,3.3181218936557832
14,0,3.4878132192081432
15,0,6.6966491080362704
16,0,3.3272428087772448
17,0,2.266853148957286
18,0,6.314037601201212
19,0,3.6799204968371697
20,0,2.4598692955903623
