T,FC,x1
1,2,5.378175056387224
2,2,9.741839282685532
3,1,4.659002075064217
4,4,4.433390156886659
5,3,6.704170854223259
6,2,2.558003827359964
7,2,6.807422805000576
8,3,5.98493683964847
9,2,10.930951501550556
10,1,2.238170266605169
11,1,4.169713524120545
12,1,3.3176744732162855
13,1,8.417887678013168
14,0,3.777573792027032
15,3,3.214173677280775
16,2,2.4742055561473713
17,5,5.515754712116403
18,0,6.074971454191044
19,0,7.878242600670649
20,0,5.268042202309556
