T,FC,x1
1,1,7.792989997331459
2,0,2.0013575972482185
3,0,6.937173257533103
4,0,3.797806625130593
5,0,5.08669398697839
6,2,6.22067160000245
7,0,5.962737184752298
8,0,6.341153961088866
9,1,9.358750934759007
10,0,5.840163504445728
11,2,3.9739623190085394
12,1,6.032396766921691
13,0,7.095863011512452
14,0,6.511861922428665
15,2,3.477213172093787
16,2,9.969165308975967
17,3,7.017324527297332
18,0,3.2918529424850123
19,4,3.1019905746849497
20,2,7.0902499316058964
