T,FC,x1
1,1,5.025709256839726
2,2,2.007933491539991
3,1,3.0725542606730563
4,0,3.428292705953812
5,0,7.028604173809642
6,0,5.909499817274509
7,0,4.961848160491439
8,0,4.169860295298892
9,2,5.202250683715303
10,3,7.385196381295928
11,2,2.530095850988094
12,0,5.00794736167928
13,0,5.440847082818914
14,0,6.736938696415155
15,0,5.551580402144309
16,0,7.585968765876196
17,3,7.462191869049141
18,0,6.60246088473606
19,1,6.779505381740337
20,2,2.032235530964072
