T,FC,x1
1,1,3.891632797734324
2,1,5.4582263568678195
3,3,5.404341678883367
4,1,4.393183496971483
5,0,5.24839541755034
6,2,6.177180940487171
7,2,2.2192640978294307
8,4,5.25361741372587
9,0,2.7367337393474034
10,1,2.391330448916155
11,5,2.9195367459018495
12,2,4.631149112808287
13,1,6.974949239834651
14,6,7.296862218739744
15,2,7.413732642984161
16,1,2.099870688330571
17,4,2.0371936006915377
18,2,3.442522576929516
19,2,3.049617157915643
20,1,5.8687733094249666
