T,FC,x1
1,0,2.825319700492596
2,65,7.999803341218156
3,28,2.9982659469886674
4,12,6.887303307955714
5,2,6.456694048638397
6,0,6.10116091147141
7,0,3.659631515728451
8,0,2.3747651565907058
9,0,4.906009724022104
10,0,5.370337321076345
11,0,7.234763540536821
12,0,7.131382982711667
13,0,2.8396581604432933
14,0,4.4680660067567946
15,0,6.4475832555689365
16,0,5.03190223109319
17,0,2.254407978551166
18,0,8.211528876675132
19,0,7.017583178163871
20,0,4.332873189338635
