T,FC,x1
1,6,6.777721858448461
2,1,11.092081700291597
3,6,6.2392911013228245
4,5,9.595140085336483
5,3,6.311751901761121
6,1,7.118304272374748
7,5,6.648934374429311
8,4,6.036809614085262
9,1,4.092922163764443
10,4,6.41734982940666
11,0,5.554466879227016
12,1,3.8118819814101648
13,0,6.997638539922491
14,1,6.111008039990935
15,5,2.1011126478472475
16,0,3.3614707724586124
17,1,7.325117818904356
18,0,6.042393092954049
19,2,9.05047592515436
20,1,5.41022052344515
