T,FC,x1
1,2,4.40927029113143
2,3,5.351813184868658
3,4,2.7625044517698396
4,3,5.329889440446033
5,1,3.074865689524739
6,4,7.698220933718858
7,6,4.636372682935043
8,5,2.3500172163351927
9,4,7.386116661108544
10,1,4.189085634908963
11,5,5.181707625266773
12,3,7.308123054844787
13,2,8.699919425725279
14,1,4.537157447759876
15,1,3.8401134836629245
16,4,8.02199183582905
17,3,6.5873753812204985
18,0,6.966235352045003
19,1,7.402712857767179
20,2,2.8636126151545476
