T,FC,x1
1,0,5.016932457789867
2,71,7.682283628146998
3,44,5.1642792247883875
4,10,4.159777624407868
5,1,4.068653157668274
6,0,6.4021294808523255
7,0,10.828680844504284
8,0,9.308395316269708
9,0,4.5479632590966546
10,0,4.428625395892448
11,0,7.375656229785948
12,0,2.6474155281889016
13,0,3.7074137144287977
14,0,5.802748647705435
15,0,4.754994943505342
16,0,4.468241792672487
17,0,3.5706753771391906
18,0,5.468916825817991
19,0,8.07138314686187
20,0,5.2510835932146875
