T,FC,x1
1,0,8.37995114110111
2,1,5.757683547726514
3,4,8.302499811825466
4,2,4.502299296814728
5,6,4.076936809540301
6,5,5.082428616894364
7,6,6.79830888650916
8,9,3.2675416121966845
9,2,3.0108590342462382
10,6,7.023651066170399
11,5,4.551473297023721
12,8,6.288745869390471
13,6,3.2163799051745987
14,7,7.212357955526787
15,3,3.9187245290915436
16,4,2.6797309917998033
17,3,3.6529541286210407
18,1,4.575269899721115
19,3,6.072796786915865
20,2,7.110700545398038
