T,FC,x1
1,1,4.223228025144904
2,73,7.027594040078375
3,37,6.068632738481849
4,4,4.071296947190831
5,1,2.038186524964156
6,1,2.47369455858719
7,0,3.503122504241959
8,0,7.773677131134898
9,0,3.80788230316826
10,0,2.011835292856427
11,0,3.2752193284254774
12,0,3.395335615372287
13,0,6.397591924447011
14,0,9.132072373604974
15,0,6.150094475032579
16,0,2.4549691907035642
17,0,3.479750530906705
18,0,7.276923089405656
19,0,6.2087408691157355
20,0,2.968589135560361
