T,FC,x1
1,2,5.754988107620559
2,4,5.647080929936145
3,2,6.37500476919879
4,0,7.431695839475015
5,3,8.628285157805792
6,1,4.927855124931314
7,3,6.590419300399423
8,2,3.000451331211621
9,5,7.093756988075828
10,2,4.870757069510848
11,4,2.329691901113838
12,4,8.708304094770632
13,3,6.404348088466107
14,3,3.6429519658184204
15,3,7.292500575454322
16,1,3.387704700860204
17,3,7.005959443249697
18,5,6.83524168699666
19,1,6.333816649210304
20,4,8.716584347630716
