T,FC,x1
1,0,7.250632058659555
2,0,6.447112583856381
3,4,9.366346435282747
4,2,8.24954614629159
5,0,4.419690484975203
6,2,6.408317311355259
7,1,7.317189945339053
8,4,6.540807806268926
9,5,12.132036735048096
10,3,8.68141523454173
11,5,3.647020023832092
12,1,6.784463485144503
13,3,4.04675477820672
14,1,2.8318978543225923
15,3,6.571532708016727
16,2,8.39419067373614
17,2,3.2907907642085905
18,2,7.419215549404643
19,1,2.325345529650657
20,1,2.6047546377868733
