T,FC,x1
1,1,7.492050611620627
2,1,3.725466383714322
3,3,3.125069137303294
4,2,7.85753615245807
5,3,5.817536910911403
6,1,8.162182563302899
7,2,7.771904941531836
8,3,7.533678162101203
9,1,8.672857424563398
10,1,5.212792691986341
11,3,7.450130123295967
12,0,5.2573970385204465
13,1,7.898109781258338
14,1,6.020492846678431
15,5,6.034166857827787
16,2,5.272762758545709
17,1,8.34536800300286
18,2,3.094530979927013
19,2,7.04296371859541
20,3,7.275711833762628
