T,FC,x1
1,0,5.73043451317401
2,2,7.205527875870278
3,0,3.3540249950722996
4,3,3.9257002529338862
5,4,6.527559576732595
6,6,3.6477597614064106
7,5,4.207104534886607
8,5,8.187958037136253
9,13,4.759281627608719
10,3,4.448593329963203
11,7,5.337821231395675
12,6,2.0232325102924733
13,0,2.2354386292286943
14,6,9.480184960114075
15,4,5.372821570702323
16,7,6.883562231247532
17,4,9.923638949938045
18,5,2.1764363532768907
19,5,7.012672872433784
20,2,5.089550038808544
