T,FC,x1
1,0,4.849536432147884
2,0,5.206410503445665
3,4,4.006140043337917
4,1,4.551285391827124
5,3,2.3470589393301946
6,5,6.984422909179033
7,3,5.037513444100524
8,1,7.791495137171373
9,2,5.768662775262028
10,5,4.714013237246137
11,1,6.353945084758568
12,4,8.935328394678622
13,2,3.590879214745491
14,4,7.715878835479587
15,3,9.075052741269847
16,2,3.650997661834376
17,1,2.8254540786976814
18,1,8.420558943222831
19,1,6.619467927118481
20,3,7.026410216637295
