T,FC,x1
1,0,7.38653187229714
2,0,7.6696757065475785
3,1,6.962334312541957
4,1,7.089175076220775
5,1,2.2533638817256936
6,4,3.0887281742562203
7,1,4.091226223420377
8,1,6.178292469901663
9,2,4.9628316764482
10,0,7.048627553211784
11,0,4.068988719973367
12,2,6.701095136816431
13,1,6.711574183935674
14,3,8.932804647146035
15,0,4.97651821015188
16,0,5.346914053718985
17,0,7.372675989254491
18,0,6.6174933424272515
19,2,5.594004050187928
20,1,4.474851512343568
