T,FC,x1
1,1,6.58138609866707
2,1,4.84761504466504
3,4,2.3749988873224894
4,2,7.370592886473161
5,2,6.632038202399433
6,2,3.015866876618094
7,2,4.064732169906065
8,4,4.648968373397741
9,3,5.6062822264007455
10,1,3.9460028316679825
11,1,6.768832090318303
12,3,4.701578180238635
13,1,6.170474512378151
14,2,5.116124461932837
15,1,3.2795459442259687
16,5,3.2552489738789756
17,0,5.531097006829823
18,2,9.845303140197766
19,3,6.399542200641281
20,4,5.1438602051870514
