T,FC,x1
1,2,7.486191941060634
2,2,6.005712296835009
3,2,6.035051286515224
4,2,11.500757379305567
5,2,6.532035224434283
6,0,6.079759655084133
7,1,5.627711192749316
8,1,7.01609610276982
9,1,3.34008683348297
10,0,7.067059727783367
11,1,8.184188461022895
12,0,3.367629435808312
13,1,4.396583738957293
14,0,9.932529661495623
15,2,7.201134560497817
16,1,6.486927272987964
17,2,6.157673149010704
18,2,5.792708621908654
19,1,3.250110525407771
20,0,2.3440740317391007
