T,FC,x1
1,0,6.03952088074147
2,1,5.466301403165472
3,0,2.0289002493135935
4,6,6.084921770534847
5,2,7.524869036553342
6,3,5.994077463009534
7,5,2.662769875589507
8,5,7.535010543952422
9,4,7.5838248818601475
10,7,5.022515199034634
11,5,8.658945577793112
12,2,7.553766255350671
13,6,3.2552065590194155
14,3,3.492595156170099
15,5,6.199950703596443
16,2,6.575046583959164
17,1,6.057132949375509
18,7,3.2273329303528295
19,4,7.921190494483945
20,2,2.8265800579165936
