T,FC,x1
1,2,4.012858610052237
2,2,5.151623338132678
3,0,5.903835146473704
4,0,2.479601863896707
5,2,7.752646987335987
6,0,4.96138545410951
7,2,6.638027718884165
8,3,7.746254592144993
9,2,3.16600106722599
10,0,5.829899123451337
11,3,5.045436006236599
12,2,3.2260468573190897
13,0,4.885273043439512
14,1,5.436790527068647
15,1,2.3828346949182264
16,1,3.4899762439441524
17,0,9.736751935244461
18,2,4.592961047737521
19,0,3.24678476174838
20,1,7.243573804964913
