T,FC,x1
1,2,5.380384564315301
2,1,5.489115347029924
3,2,8.670760106532164
4,0,4.841016657401742
5,2,6.75676435845292
6,2,7.4428104581245895
7,3,4.841970018841743
8,0,9.0228264828476
9,1,4.441824652466773
10,2,5.060866458104605
11,3,5.5633002273433485
12,2,6.14493856790203
13,1,4.025456305225141
14,0,3.8561554936353195
15,0,5.31912543471162
16,1,10.6005654494171
17,0,7.978999748818221
18,0,8.47559092241736
19,2,3.0485156708898486
20,1,3.8383499583683878
