T,FC,x1
1,2,5.3221694018940955
2,1,4.668708864726091
3,1,3.136727206241408
4,3,4.065599058888626
5,2,5.311679807856274
6,2,8.90689060175767
7,0,6.834640742256483
8,0,4.242659564245167
9,2,7.491587546933129
10,0,6.205974106718735
11,1,2.435813517731521
12,2,7.1714496084285715
13,2,2.143992264050953
14,0,7.932219238795986
15,2,3.9460948911493148
16,0,4.825467919678171
17,0,6.601053660626513
18,1,3.5361965590190736
19,2,3.7311724208668524
20,1,2.0964455659240917
