T,FC,x1
1,2,8.537009780816275
2,1,5.390231369069557
3,0,3.094969317257865
4,2,3.2263334961178938
5,2,9.257257683022296
6,2,7.867369394106561
7,0,2.3306090099914654
8,5,3.2240485759396806
9,3,3.7391774609992785
10,0,5.0206974845565355
11,1,3.160923592241655
12,0,2.5156708056302106
13,4,3.089683111265105
14,2,9.501201182752194
15,5,7.171602813101252
16,6,9.20840242954966
17,5,3.1776616619388216
18,3,4.778244113792798
19,2,7.567833181572198
20,2,4.901180380359903
