T,FC,x1
1,0,7.189418671206655
2,2,8.184909025138424
3,0,6.182339029054549
4,1,7.312400241966457
5,3,6.578112415930851
6,1,2.2576744135172913
7,2,5.031199408115192
8,0,5.029749100055272
9,0,2.742092285371747
10,2,4.482944507814791
11,2,6.5401199620547015
12,2,6.0374984028674765
13,1,5.167036632247226
14,2,6.270033689550184
15,2,4.033754041088478
16,0,4.269602648261223
17,2,6.11017969761391
18,3,9.576231388997135
19,1,7.896118787012163
20,2,2.10153970420237
