T,FC,x1
1,2,3.6924134772688904
2,3,6.079315324921092
3,3,4.509649799119858
4,4,4.059557501618925
5,4,6.696696232517883
6,5,6.441095630508591
7,2,3.180551496029632
8,4,8.213195141807729
9,3,6.4692243812547945
10,0,3.9266707899439695
11,4,6.346176122634019
12,8,6.986940426499805
13,7,3.4419638950930063
14,4,4.523882321514743
15,1,2.320196627506545
16,3,8.104783129493109
17,3,3.8281723134694476
18,2,3.6270983793683476
19,3,4.059154055461189
20,2,6.127923488703297
