T,FC,x1
1,0,2.561593695272398
2,0,7.197210662111818
3,2,3.3878207147639188
4,1,6.016120539400518
5,1,5.753125999777408
6,1,5.154101738679353
7,9,4.255173441166984
8,6,5.330560721665162
9,5,3.1141585111467798
10,2,2.129858638913691
11,3,2.3073217224920812
12,4,3.0785013240606065
13,1,7.239297587847191
14,3,7.6847032233115
15,5,7.329954165343374
16,3,3.62427668871676
17,5,7.220627233605778
18,2,4.337339347037544
19,4,5.480921961903227
20,3,7.765324612110094
