T,FC,x1
1,0,3.6006285389453954
2,4,6.222753210930816
3,1,7.481413534222893
4,2,8.004723099927226
5,2,7.66874350941304
6,5,3.532330384943395
7,1,7.013294097280589
8,0,6.729131480392339
9,3,5.399365310370431
10,6,8.966917863737423
11,1,5.276898367962267
12,1,7.41733068796076
13,1,5.032245320482854
14,5,3.010193427310117
15,3,7.0939341550371315
16,2,6.645576733191002
17,3,3.086052519441095
18,2,4.478146635838648
19,1,4.080168667787688
20,2,6.590920708141212
