T,FC,x1
1,0,8.491341079982025
2,62,5.829687848697792
3,45,7.220466401177077
4,5,5.5443064652617045
5,0,2.814999226265845
6,0,5.771208581506764
7,0,7.267292433636753
8,0,5.714179424859643
9,0,4.587309522740173
10,0,3.0335047483877156
11,0,7.236700445236656
12,0,6.376226871023215
13,0,5.6928092983738425
14,0,9.007614402327198
15,0,4.83077288566677
16,0,5.873068218814653
17,0,3.2973699774928877
18,0,5.878807657114573
19,0,6.035700510312813
20,0,3.7763033155867425
