T,FC,x1
1,2,7.579051012963869
2,2,7.699688833382728
3,3,7.69777532925549
4,2,7.262161108194409
5,4,2.998568703887385
6,4,4.994520530111328
7,2,4.403923375311125
8,6,4.43528611033714
9,5,7.951180268144364
10,2,7.732100502905553
11,5,5.896741451127591
12,3,3.1512990741592604
13,1,7.138693386167173
14,1,6.226701965594727
15,2,7.618491709953592
16,4,6.33715872120434
17,0,6.0952917789421095
18,3,2.134625813705832
19,5,5.068534548179111
20,0,4.172948972237663
