T,FC,x1
1,0,9.99463838512889
2,2,5.341229763370379
3,1,7.0434655284159415
4,0,4.048200516722348
5,1,5.059257422100785
6,1,4.9325421606983
7,3,4.335773261581038
8,0,8.22475927998324
9,1,9.533661211338798
10,1,6.012571430753082
11,0,6.999578807224659
12,1,2.635737019966682
13,0,10.09599030772317
14,1,2.002978855668283
15,0,2.7221158717754914
16,0,8.079018555685945
17,2,7.289058334897128
18,1,4.421096498552535
19,0,3.882134575238518
20,0,7.404532110324352
