T,FC,x1
1,1,3.347200320892128
2,0,5.152781472756093
3,1,2.439451992464994
4,1,4.937687077447703
5,3,7.557138926299681
6,1,4.316777226208094
7,0,4.482240604374652
8,3,8.189194749935016
9,2,8.50200344107581
10,2,5.430331289765244
11,1,5.137522946312233
12,2,2.7800788956125806
13,2,6.602368970610452
14,1,2.4973354715167897
15,4,4.113612574981234
16,2,3.5513400248821085
17,3,7.598442765515532
18,0,2.505385375260341
19,2,7.3235979982338595
20,1,8.33405740661518
