T,FC,x1
1,4,6.552003551491267
2,4,5.521306407310286
3,3,3.0358471898562795
4,2,5.279540753512129
5,1,6.026233397211181
6,0,6.7248314164632825
7,0,4.251249127100905
8,0,7.094683177951224
9,3,8.439278447458937
10,1,4.153086428708243
11,4,4.056854652338469
12,2,4.10918899594482
13,1,6.527875010850033
14,2,4.542274182974009
15,1,3.1819106239300616
16,5,5.3367161105509675
17,1,6.030478514842879
18,1,6.888769750974142
19,1,3.308942011760007
20,1,3.169702425600646
