T,FC,x1
1,1,6.154531233637796
2,3,2.2031283158698094
3,0,6.561018771969841
4,1,5.022493535405005
5,1,4.214264435358759
6,4,4.10110015529805
7,0,3.252036585417764
8,0,3.6805999678475443
9,2,4.873491721994663
10,0,6.410411373707742
11,1,2.6248959042666433
12,1,7.044381126673085
13,0,3.020504298036976
14,3,5.218941618548347
15,1,6.081116480984619
16,3,7.58767801851457
17,2,7.804205743485113
18,1,7.344651533347021
19,3,4.118542216510528
20,0,7.416434090085456
