T,FC,x1
1,2,4.592813113750224
2,3,2.288173002469358
3,1,4.858593211506582
4,2,5.349181845609361
5,3,5.7241162688952185
6,4,5.259973294478733
7,5,6.486367485249531
8,1,7.224828023775531
9,3,2.010847554541552
10,2,7.271512587782995
11,3,2.8332649563425436
12,4,5.1376688867393785
13,2,8.587650034453958
14,2,8.074008130903756
15,2,5.137580968216525
16,2,5.059932035342721
17,2,6.233490159528747
18,3,4.316701707765259
19,1,9.3295899518018
20,3,2.1222636869868157
