T,FC,x1
1,2,7.538872999899285
2,0,7.474836934008595
3,2,5.302986694675469
4,1,3.591283721271612
5,0,6.88638350560599
6,1,5.505155479917386
7,1,9.343955110141952
8,0,3.0241763077285473
9,2,6.946526422623909
10,1,4.297230617580044
11,1,6.451742547773596
12,2,2.6518788032654923
13,0,5.853398503872482
14,1,8.762536887934488
15,1,8.962829407401419
16,0,2.1563051870712306
17,0,7.287286089025978
18,1,6.605039261312522
19,1,4.385709516266569
20,0,8.108047034490912
