T,FC,x1
1,0,7.410059214182711
2,2,6.383796249475024
3,1,6.855252481560022
4,3,4.7710974292825075
5,2,3.4536510617224825
6,0,6.285128904953385
7,2,2.1304080519208375
8,2,2.4168086778257125
9,2,4.083115859646772
10,7,2.0673389188167315
11,3,2.4536363267779624
12,2,6.604649928327892
13,3,5.962009147413634
14,4,9.327705119699246
15,4,2.2723555383250735
16,2,8.549887331516768
17,1,2.5763739230411606
18,6,4.974072814055421
19,3,6.784559738005584
20,5,5.669281807793106
