T,FC,x1
1,1,7.597932979879866
2,5,8.831323942770682
3,1,7.873970951359031
4,3,7.572212352869733
5,4,4.843791674675154
6,2,5.8937215820573705
7,3,5.100601873558752
8,8,7.237789565224321
9,6,3.041069406042222
10,5,7.318448374256785
11,4,7.233636350302939
12,4,6.052264823425901
13,5,4.275265343207296
14,2,3.20898844258739
15,0,7.315689737751237
16,3,4.262500455609043
17,4,5.032787950062109
18,0,4.343588588284712
19,2,6.174875529912756
20,2,7.189072716817299
