T,FC,x1
1,0,8.079455547315709
2,1,7.254560441327462
3,4,5.917168379942829
4,3,4.171352912698872
5,1,7.465212274703282
6,3,2.8410915075626626
7,6,2.5466775780739503
8,8,8.119109988067935
9,2,9.938230796669847
10,1,2.7429493603014117
11,5,7.615392214735065
12,6,8.622431260576287
13,4,7.2748924288327945
14,3,5.39148974078746
15,7,7.392903540642722
16,5,7.2766115154685584
17,4,6.056882927650126
18,4,4.070464198046542
19,5,3.431159599695513
20,4,6.306763622324125
