T,FC,x1
1,3,5.118457115371467
2,0,9.911939683701684
3,2,5.627766693162598
4,6,3.1568689081481165
5,1,7.516330176153847
6,1,8.18344778593757
7,1,7.8597237450798385
8,2,7.138658818509748
9,1,6.6613109905437105
10,3,4.582602755391494
11,2,4.483377429962846
12,0,6.935705780776296
13,2,6.587906026608454
14,3,4.907833403099011
15,6,7.233842676395726
16,1,2.6509624381512764
17,4,2.1412260867138126
18,3,6.009167045072391
19,5,4.033676957694542
20,2,4.45486306674394
