T,FC,x1
1,1,4.255956835765884
2,2,6.373494525016337
3,4,2.4920637776969015
4,4,6.66250366725709
5,6,5.380900898720136
6,5,7.319796092550755
7,4,5.302220390186151
8,5,7.981964792129374
9,4,7.79689577275984
10,3,5.133884059108377
11,6,6.216558615193567
12,2,7.496728524783112
13,2,4.8011487008528215
14,4,8.691263553831256
15,2,8.177605134878876
16,4,7.4642455479735155
17,2,6.8471819001961975
18,2,2.624233712985609
19,2,7.1924917222867615
20,4,5.1238212038599
