T,FC,x1
1,0,5.4780939576286976
2,68,2.952149172810672
3,34,5.279694012246798
4,8,8.1485238571284
5,3,6.889637863688542
6,0,2.423294236296282
7,0,7.526108282213171
8,0,4.899736372858342
9,0,10.310695129401061
10,0,5.283213697194212
11,0,5.707353784294428
12,0,4.669183361754867
13,0,2.1221466105076128
14,0,4.334055868135226
15,0,8.692651814246574
16,0,4.185379444298564
17,0,8.293745212802179
18,0,6.069611882162233
19,0,6.502647751129402
20,0,2.434278261428501
