T,FC,x1
1,0,8.252939049545986
2,1,2.9596613042481104
3,4,5.177224688828453
4,5,2.485408008013052
5,5,2.3103909711058055
6,9,7.135364878781683
7,8,3.2513520149295956
8,8,3.2855840505472895
9,16,3.9313965442709073
10,6,9.468763075534595
11,8,4.152687140271928
12,12,8.349127119720084
13,7,4.4628269111749095
14,3,5.593420714756238
15,5,3.1782893497593596
16,5,7.347546041082112
17,6,6.2080905133919835
18,1,4.38229868984181
19,1,2.621683612590915
20,0,5.11408231825216
