T,FC,x1
1,5,7.324652123559262
2,0,2.5575593807127923
3,3,7.523043507916668
4,2,7.444410566012219
5,3,3.549301899003202
6,4,6.989816985351857
7,6,3.4004915755035268
8,4,3.1863815561990574
9,4,5.746065100580969
10,4,7.305355861199926
11,5,6.427933768406318
12,1,5.188505289347109
13,2,8.980974327816499
14,2,5.308311360985223
15,4,9.95376183880731
16,1,3.5035779133838774
17,3,3.279151510069842
18,1,4.590549527052061
19,2,5.235435483288764
20,1,6.1009258492186875
