T,FC,x1
1,3,2.0310425163429136
2,1,6.23189003013505
3,1,2.398700612621672
4,2,3.0084205290936876
5,8,7.57741398165077
6,5,5.236470075509288
7,1,4.0073422839091455
8,7,3.2300773799749107
9,8,6.262614909775519
10,1,3.848731648751626
11,3,4.131392804272964
12,2,7.130664594555713
13,3,8.36083507227683
14,3,7.535124781116165
15,1,3.18069072059832
16,3,4.033806552928062
17,2,3.2036514434721757
18,3,6.188999422798898
19,4,6.6087558158556385
20,3,4.039230479944675
