T,FC,x1
1,0,4.801829622456081
2,3,3.7245757199887564
3,2,6.47605302313156
4,5,8.8471662894163
5,5,8.211127909643075
6,3,9.055945779387969
7,5,4.497627064770586
8,7,5.2358220131061355
9,4,4.646162276017966
10,5,3.01957831974937
11,5,8.011970459880985
12,3,7.699366557893634
13,2,2.8792768172851266
14,2,3.417818847733696
15,1,5.2513296572431925
16,4,6.583510799201431
17,2,3.5105162977339393
18,3,6.06887832023688
19,2,5.189099484794919
20,2,2.300398500431563
