T,FC,x1
1,1,5.445808708946401
2,0,3.283314667974157
3,0,5.082455406053835
4,5,6.088598762128354
5,2,5.517643393394426
6,6,4.081676323841042
7,5,4.73091260503133
8,3,4.891718174629922
9,10,7.262852664687152
10,5,7.88329316284247
11,8,3.195961342408035
12,4,3.314594680838706
13,10,8.064347343424782
14,7,3.5997889858558
15,5,6.263810206363114
16,4,7.318056751628426
17,4,7.9158793163275405
18,1,8.669899291560904
19,1,2.1755761333551256
20,6,9.79074152627837
