T,FC,x1
1,2,3.877864426552995
2,0,7.024426344821761
3,2,2.9882018641861228
4,5,6.890034665359167
5,0,6.497302879671009
6,0,7.170104216849953
7,2,4.232567168240052
8,4,4.523819563143273
9,8,5.0014198998275425
10,2,4.975069871773262
11,2,6.078935203491082
12,3,4.390811457744705
13,3,7.164559091493521
14,2,5.327547980804448
15,3,4.112844030404848
16,1,7.523026659073639
17,3,5.505105937365096
18,1,8.753507641301281
19,1,2.3865432436230476
20,3,7.974343173308235
