T,FC,x1
1,1,3.3429110951511682
2,1,5.807712877307843
3,2,6.0279573226188425
4,3,6.1693015359284455
5,3,6.642677830318686
6,5,3.1970213272036427
7,2,9.599788774144157
8,2,2.600225782974838
9,1,5.133071418912387
10,3,2.311399690184723
11,3,3.9221738849824783
12,5,6.418369371167023
13,4,3.6284839808045968
14,3,7.757797678264521
15,3,8.414030795137261
16,2,2.7669386133624307
17,2,8.132583495217615
18,3,2.791218549166665
19,4,2.949107403415816
20,1,4.898718991472206
