T,FC,x1
1,3,5.7375383859582945
2,63,7.348223051687032
3,41,5.926440379837511
4,17,5.141610335975731
5,2,3.3044149969697663
6,0,5.070544804045175
7,0,7.174359159053653
8,0,5.6154127856642315
9,0,5.64086684442777
10,0,7.326445994629253
11,0,5.112020145218514
12,0,5.320665199666425
13,0,7.395379724136948
14,0,3.4654454039817577
15,0,3.5838754736302985
16,0,4.4502993753506885
17,0,7.663128641076823
18,0,7.777644399579905
19,0,5.130359912622258
20,0,7.2353450594932385
