T,FC,x1
1,0,3.149052722321237
2,1,3.6266922708710148
3,2,6.313287480215989
4,0,4.579688512610165
5,0,5.176741251822869
6,1,3.1244344616264277
7,0,7.145015653721001
8,1,4.682168697297525
9,1,2.7943361408799383
10,1,7.247468543734275
11,1,2.2588074410211143
12,0,5.670854089624565
13,0,5.729137527924539
14,0,4.174724609741631
15,3,4.108173901538829
16,2,5.02537290378856
17,0,3.6563862684936597
18,2,11.169571843800346
19,1,4.705125315361802
20,0,6.587070370130282
