T,FC,x1
1,1,5.851320991528645
2,2,6.231656722120051
3,1,2.3386623263591373
4,0,7.187504387820997
5,2,3.461706188977425
6,0,2.7068524392778417
7,6,7.793783005070293
8,2,2.2973308262141114
9,3,5.1981377155309385
10,4,4.632774963014029
11,5,8.587273306071676
12,4,4.400338983270133
13,3,4.258033823207075
14,7,6.023008431197012
15,9,8.296875709870172
16,3,3.0648614496616755
17,8,3.1657058337517743
18,5,5.2864389248717965
19,6,8.551582051044544
20,6,3.6978046685101016
