T,FC,x1
1,0,7.286765452843022
2,3,2.1922466841154358
3,2,8.349994459278438
4,4,4.166154758661702
5,3,6.231841020432702
6,5,9.918915110472332
7,8,5.9115540747799535
8,4,8.405554895331662
9,4,2.06782792567283
10,6,5.585531911039453
11,7,7.506771450088971
12,2,8.426799575179563
13,6,4.195878047906843
14,0,3.2862728262740184
15,3,2.673512736883347
16,4,7.228289587734841
17,5,7.100483429313455
18,6,9.288380025440997
19,2,8.0287944861142
20,1,8.21783163887694
