T,FC,x1
1,1,8.042087016908253
2,2,5.84219655537405
3,2,7.282420663814545
4,4,3.71539203502551
5,2,3.7290694454592397
6,5,7.669146191802035
7,1,2.3896535682456617
8,1,8.78213109406089
9,3,7.404669263576041
10,1,5.019414024416247
11,5,2.038225433964996
12,1,7.88395793950589
13,2,3.7315794352436735
14,2,7.459453477127939
15,4,6.1827443081943825
16,5,8.837339806627531
17,4,6.2763704065857375
18,1,2.0967604081122118
19,1,4.579327813103716
20,0,3.7907308929802648
