T,FC,x1
1,2,5.679143515014234
2,2,4.767614955498161
3,1,11.037424018440449
4,3,2.842064787038265
5,3,5.412149073273416
6,0,4.541358990410206
7,4,6.8027424950743285
8,4,9.875014590713246
9,0,6.694384285668521
10,1,2.222935431399377
11,3,6.382658079788926
12,1,5.443613439518666
13,1,3.7530184561690767
14,4,3.4528267316096226
15,4,7.549793127866551
16,2,2.265266177264678
17,0,6.130587940907187
18,3,5.732781391271402
19,1,5.535440486631264
20,6,9.277242505385546
