T,FC,x1
1,1,4.054751358644984
2,0,5.600630336488242
3,2,4.892439617479142
4,6,2.9014997185742795
5,1,6.369646165245642
6,1,3.507950103328847
7,5,4.285535025367251
8,0,4.834882394432943
9,4,3.3126611948558513
10,2,2.3221650180124165
11,1,7.823624032779642
12,3,7.391064989316217
13,1,6.069868062948727
14,1,8.284950403437575
15,3,5.757786976338395
16,2,4.959773400492347
17,3,4.319956699825014
18,1,4.889694766239735
19,2,5.948274754284135
20,1,3.422022565006582
