T,FC,x1
1,0,5.031292542767789
2,1,4.555683613861425
3,1,6.643050961347493
4,3,3.862813734735371
5,2,2.7944740640826855
6,2,3.5370927955085008
7,3,6.888709940082913
8,0,6.738688128385921
9,5,7.53027043702143
10,2,6.915034509374975
11,2,5.895799881491751
12,1,4.8571822433083325
13,1,10.069490254504862
14,1,6.236924930672205
15,1,3.3733430952483365
16,2,6.447905855272511
17,0,7.052912030720682
18,0,6.010699568778543
19,2,3.113127958848795
20,1,6.22047527672454
