T,FC,x1
1,2,5.362569813104602
2,2,4.023585406534825
3,1,6.750412246854037
4,4,7.170782596821892
5,1,7.105903655290674
6,1,2.9058262840042346
7,4,6.171593445319564
8,0,7.898158484397664
9,4,4.174388964472073
10,1,4.263874618250798
11,2,5.154999526731013
12,0,7.050518471004684
13,0,5.086271866534517
14,2,6.549669155371594
15,3,6.089095755401152
16,3,3.971763188317831
17,1,7.5381208752634
18,0,7.097685731778793
19,2,6.08188973525163
20,1,4.125377220005689
