T,FC,x1
1,4,7.305566710833123
2,3,9.270090103222856
3,1,7.0850515660154665
4,0,2.312463071706448
5,1,5.654414602131499
6,3,8.16841252587028
7,5,9.95452231339426
8,1,7.379975010388462
9,2,6.125927780613553
10,1,5.503962303833543
11,1,5.647255523955966
12,1,3.5418650608411526
13,1,4.2690985467701745
14,2,3.5136791690444698
15,4,5.02279390989348
16,0,2.7975017707082683
17,0,6.4268962079967356
18,3,6.043327741185213
19,3,4.1276608194624576
20,0,5.368175591401752
