T,FC,x1
1,0,5.343060195019719
2,4,5.467946357493326
3,3,7.232052921182413
4,1,5.3720668951529795
5,1,8.147362937484239
6,1,6.398068780645028
7,1,3.0916429601923707
8,1,4.787750238602328
9,1,6.10697024591153
10,2,9.110566521249929
11,1,6.074947022328206
12,1,2.0015595614868626
13,0,4.26358975877576
14,1,7.663206866494818
15,0,5.708895833429802
16,0,4.130418731571764
17,2,6.040909553485724
18,1,2.144164361495642
19,1,3.1342962424928547
20,0,4.688538099391371
