T,FC,x1
1,0,7.991377477064668
2,0,8.571603548885866
3,2,6.32239456722013
4,3,2.956952902477998
5,1,5.5241349887013795
6,4,9.44633026491349
7,2,6.61725355998695
8,3,3.4186973671799072
9,4,5.400202955298681
10,2,4.970509653367977
11,2,6.275938526555359
12,4,7.010670625492649
13,2,3.563423833372586
14,1,4.720854578948213
15,1,5.155276334638897
16,1,5.250440476396828
17,2,6.06369164432091
18,2,4.053800746374724
19,3,3.909461252892985
20,3,7.771033171334974
