T,FC,x1
1,0,5.392394551309159
2,2,2.2210237919690274
3,1,7.5216285438371715
4,1,6.737164556996511
5,2,6.177505394231968
6,1,6.150255081932848
7,1,8.072442734624616
8,2,7.9972644017515195
9,2,3.567203682692754
10,1,6.671445943688313
11,4,3.4369501053499416
12,0,6.053251757562574
13,0,4.269662897098914
14,5,4.806625382565924
15,1,2.069296465710882
16,2,5.795062583355165
17,1,2.3142914396785184
18,2,2.4826681451906607
19,3,5.815072039373359
20,2,4.0657948049945745
