T,FC,x1
1,0,3.1633422743767534
2,1,5.068946827613473
3,0,4.824759261564935
4,2,2.1782598408723945
5,1,3.114236290800654
6,2,4.076194068908959
7,2,7.7741955424339295
8,2,3.764576845172024
9,1,2.098884736224708
10,0,2.363072401148023
11,1,6.135761067101943
12,1,4.608439983525607
13,1,7.826274477024692
14,1,5.432623029178085
15,1,2.698414180808305
16,1,3.3230332170732266
17,2,6.651773000568985
18,1,6.314895674019441
19,2,6.764603992410015
20,2,4.417048832593753
