T,FC,x1
1,3,5.126309603172137
2,1,6.872938241574856
3,1,4.946200101748206
4,2,7.223183318142723
5,0,3.1653579158775327
6,1,7.135619859926217
7,1,5.5907985943308605
8,1,7.724396225953518
9,2,5.143713510011221
10,0,6.924471702957156
11,2,2.1891852693006397
12,2,2.360161648520916
13,0,2.0940844770694036
14,2,5.398912353211147
15,0,3.2850359960575277
16,1,2.6079394986332
17,0,6.355486030718865
18,2,6.87255522331685
19,0,5.115300308343477
20,0,6.3468071118783325
