T,FC,x1
1,1,4.179151410518003
2,0,4.930424483868807
3,0,3.703461567515313
4,3,7.6028435957767035
5,1,2.451969725865179
6,0,3.9922271921789045
7,2,2.186325732542891
8,0,6.0195808884905535
9,2,2.224483157141315
10,1,8.81869575030288
11,1,6.573389897905497
12,0,3.947873273863847
13,1,6.261005018320775
14,0,6.212668644674333
15,0,5.741739829674001
16,1,8.40387322305223
17,1,10.596398517649991
18,1,3.345268114076572
19,2,4.110466748980027
20,3,5.5434517039547435
