T,FC,x1
1,0,5.214086253252299
2,0,3.865340168126795
3,0,5.923537581454426
4,4,7.37690081998334
5,2,3.707082776353851
6,2,6.831693350273763
7,5,3.007477316029416
8,5,6.2044074008376935
9,12,4.581868936768975
10,5,2.403423360425725
11,8,7.091349333964504
12,10,5.518970472059711
13,10,6.684704782844181
14,5,4.0155871146260935
15,6,5.502599078975267
16,6,5.471970669943424
17,5,7.328049301427952
18,3,9.193507203477466
19,4,3.3248555256009076
20,3,4.823627461310699
