T,FC,x1
1,3,7.076439690912481
2,0,4.082583828360642
3,3,5.624672954939925
4,2,5.084365484050004
5,5,6.512784661707258
6,1,7.188361608327941
7,1,7.415452496108488
8,2,2.360498674778066
9,2,5.363703612655013
10,1,3.740005327021733
11,0,5.2754916947908574
12,0,4.841619102372984
13,1,6.266002070993782
14,3,4.300496573265818
15,3,2.4427604724967633
16,1,7.380341501459871
17,1,8.077677409096124
18,2,8.406121924584042
19,3,9.737423720640685
20,2,6.124983647399762
