T,FC,x1
1,1,9.45604180188401
2,71,2.0595484213758612
3,29,3.1134656697781224
4,16,4.985503727033644
5,1,5.443112300919815
6,1,5.1638261006377055
7,0,4.675010986072443
8,0,7.362136781003275
9,0,7.87202260268317
10,0,3.836031260469448
11,0,7.234796099767514
12,0,5.107129200448275
13,0,5.1059133555153675
14,0,7.748357121635936
15,0,6.210251415441227
16,0,3.206957374169215
17,0,5.383527773184818
18,0,5.099656929053913
19,0,6.7320209671307625
20,0,5.297537679493256
