T,FC,x1
1,1,2.305641496150186
2,0,4.633931926891761
3,0,4.089659934823228
4,1,5.6518105791070115
5,1,5.89031030725746
6,0,6.640392836576984
7,0,5.045480403805209
8,1,2.4121435523152766
9,3,7.777843773332041
10,1,6.393632772210876
11,4,6.743716468225661
12,2,7.607119258357945
13,1,8.50557684893569
14,4,2.2395260753707187
15,1,8.168729615687162
16,4,5.858661209200409
17,1,3.343567468608185
18,1,2.637312523264658
19,2,3.93356853476716
20,1,3.53928893976813
