T,FC,x1
1,2,4.087397080186254
2,0,5.593702700876875
3,1,6.373282106811883
4,3,2.7202873541108232
5,3,4.314230210811653
6,4,9.206611349866089
7,5,4.0662358837768116
8,1,7.329963741101942
9,2,5.216398879710988
10,3,3.0866003120709142
11,2,7.355093025853835
12,1,4.0644136562912285
13,1,6.010063510326185
14,3,2.1510198606988364
15,1,7.402503314683339
16,4,6.344241977560044
17,2,6.294718404750461
18,0,4.988183876258948
19,3,3.3818173213469693
20,1,4.3573510433514
