T,FC,x1
1,1,2.7115535806964863
2,0,2.9360951322548248
3,0,4.033981573166624
4,1,9.781171938441517
5,0,6.3646127237532975
6,1,4.01234363537711
7,0,4.244194308395075
8,0,4.025657081349589
9,0,4.791541561521037
10,0,4.269437406615201
11,1,7.130229294551092
12,2,7.2053631957615725
13,0,3.3095672342577203
14,2,5.831722343096528
15,1,5.858186374185988
16,2,3.216320712077843
17,1,5.035479454306236
18,1,2.2561736476329837
19,0,2.4507417764726895
20,0,7.023223160963751
