T,FC,x1
1,1,4.167592343596614
2,4,3.9458136566151154
3,0,2.0371881336956057
4,1,3.661585844887887
5,2,3.5357077598631874
6,2,8.336175623850611
7,1,4.075033372390324
8,2,4.452269506940886
9,0,3.8400343939604094
10,0,6.179544848321634
11,2,7.815045354673727
12,1,5.880475041332543
13,0,8.484914689311012
14,1,7.1629075580338775
15,2,5.967570825044602
16,3,9.237116066711469
17,1,4.947979441055999
18,1,3.7781765391541895
19,2,3.016156414553708
20,2,3.242679310945279
