T,FC,x1
1,4,3.4859386240393464
2,1,5.568169921066163
3,4,5.045811647020873
4,5,9.637465897470891
5,2,6.8456836450325795
6,6,7.963287756168025
7,2,3.9886699795722746
8,7,3.1752340133937356
9,1,6.3589731349158
10,2,7.42778096534569
11,2,4.782191817686598
12,2,5.061723249317185
13,4,3.8088669361868677
14,6,2.7045332819110923
15,2,6.404311059299852
16,5,7.96426535240376
17,2,7.008732384723866
18,2,6.398909336046178
19,2,4.403215247966183
20,1,5.9699865132760515
