T,FC,x1
1,0,7.419144246187116
2,1,2.5476639040564546
3,0,4.776163660941947
4,1,2.712229807015276
5,0,5.112874197919665
6,0,3.205888922207407
7,0,5.206961129075009
8,0,5.821730728438714
9,0,6.6322190167598665
10,3,7.469317427896263
11,1,7.701347607814453
12,2,2.061014874847304
13,1,4.283860229476454
14,2,2.889999055540102
15,0,3.2577947035156614
16,0,8.34172022034634
17,1,5.03315235541484
18,1,6.312521962877222
19,0,4.785957248241444
20,1,8.98194558166682
