T,FC,x1
1,0,3.1073339145339953
2,0,6.377556683360748
3,1,7.137805514228427
4,4,7.408077742111257
5,5,6.641580445418141
6,2,7.526936079237738
7,4,5.824413058562146
8,8,3.023707578230669
9,5,5.653845883429562
10,3,6.187170520259552
11,5,6.701945818941934
12,10,9.010511638780761
13,4,5.259260053299422
14,9,5.070410075880429
15,5,3.63874353732838
16,1,3.5159871874794733
17,2,3.706804103817955
18,3,6.003877088175819
19,5,5.448849533878407
20,8,6.592725213873204
