T,FC,x1
1,2,3.3860406641170435
2,1,3.4895700248381196
3,1,7.301644675476455
4,1,2.8181563943905052
5,3,6.313266117638249
6,1,3.5780111082859065
7,2,6.027948600754459
8,2,10.080701059863559
9,3,2.0085718034317632
10,3,10.071252059584577
11,1,3.7927735925872565
12,1,4.965185009894773
13,6,5.07436524430097
14,1,5.435399666192636
15,4,2.7595070687369874
16,0,9.7355024082564
17,1,4.85723990937852
18,0,4.969828602889146
19,0,3.2675621324212596
20,1,6.088549173908912
