T,FC,x1
1,1,3.6898994012286943
2,2,5.664523004740069
3,3,8.807073859705849
4,4,7.954433375358541
5,4,4.332726361145896
6,4,4.059951223800002
7,2,4.945392588791172
8,3,3.0958722991804186
9,5,4.5130990388082886
10,5,7.5543219932854955
11,2,4.200787993915846
12,4,6.060693602462581
13,6,2.1622734681527014
14,7,5.403923261506625
15,3,2.361461216716532
16,3,5.568064460737583
17,3,7.411919796244952
18,1,2.580004711460015
19,6,9.204587458525674
20,4,7.431700815495863
