T,FC,x1
1,0,9.49596807319832
2,2,3.0027502856631063
3,2,4.060071925263809
4,3,7.607196626855299
5,2,5.7437337916427005
6,4,6.278219242865573
7,11,7.720126533399299
8,4,6.66222762325069
9,6,2.033826981790711
10,3,6.355601644029454
11,11,6.360353966876737
12,9,6.587804051977162
13,6,4.344829105827108
14,6,5.1661457378281455
15,7,7.070031586819879
16,9,6.6296709752778105
17,4,5.010265168410389
18,3,7.611068088821168
19,1,6.128163685631749
20,3,7.67009124746275
