T,FC,x1
1,2,3.0711044490646753
2,0,7.171203236496062
3,2,6.209506837917642
4,1,3.1453219158138634
5,1,7.618124244514236
6,6,4.760233230295804
7,1,3.2421507262226554
8,3,9.237231219698213
9,2,6.90158992507114
10,5,7.203133889329905
11,1,3.5567814084983143
12,2,8.33138641706436
13,2,6.796430751126342
14,4,5.190085159934077
15,2,7.943618299066157
16,2,3.2525467898802125
17,1,2.620343732285915
18,1,7.861596186319735
19,4,9.146837573374974
20,3,4.829703400311004
