T,FC,x1
1,3,2.130608123737052
2,4,6.196928116095858
3,4,7.1272199736660315
4,0,9.008626010868293
5,2,8.408321370327998
6,3,6.692428779876048
7,1,4.396037525101812
8,1,3.88989760416492
9,2,8.770611236458578
10,2,2.425248431091518
11,4,4.354986037592468
12,2,5.629242608561949
13,0,9.445519498523959
14,1,6.3344971916778325
15,1,4.711093193623171
16,1,4.652580937420872
17,0,6.228925822185703
18,0,4.227929070673175
19,1,2.551369377076803
20,1,2.3092550294715704
