T,FC,x1
1,1,5.086053897702508
2,0,7.304305920215109
3,0,6.121254826359224
4,0,5.159464786805245
5,2,5.16549353006848
6,3,5.690975607619881
7,0,7.203652714017234
8,0,5.275215247391409
9,2,5.074767523624644
10,0,7.347282567629055
11,2,4.5653916514055535
12,0,4.233588958095441
13,0,6.390753183981577
14,1,7.430396711475134
15,0,6.5084117618739565
16,1,3.055952373529699
17,0,6.414232964808295
18,0,5.436613775055662
19,1,4.939328876526865
20,0,5.291672480696659
