T,FC,x1
1,0,3.450972395676601
2,70,5.126782870288416
3,32,4.383134031199777
4,18,3.348698994138986
5,3,6.109350134816081
6,1,6.620652171088336
7,0,5.2515287789410765
8,0,2.2889723138664246
9,0,6.967776685677558
10,0,4.124150021593918
11,0,7.961023150309254
12,0,7.283026553537566
13,0,6.873125133277741
14,0,3.332326776933763
15,0,3.3145772842120254
16,0,5.207319200308367
17,0,4.557434244423869
18,0,6.145984589284758
19,0,8.113668016987685
20,0,5.638330796679165
