T,FC,x1
1,0,2.616925702168403
2,82,6.043489440546987
3,39,3.07999663016627
4,11,7.9115681403673
5,0,7.5055403997791545
6,0,6.677630608707296
7,0,4.342232720881252
8,0,3.235174850997443
9,0,6.261386917413432
10,0,3.858244592873196
11,0,7.156751495417501
12,0,6.4018571463308405
13,0,6.219292384139908
14,0,6.460968231175917
15,0,5.252031814313619
16,0,3.1775736592720425
17,0,9.093247354354814
18,0,7.098125975209809
19,0,5.492398237246534
20,0,5.040862975551961
