T,FC,x1
1,1,3.5420111364515012
2,3,6.758570606095319
3,5,8.075746755402056
4,6,3.7035073602827064
5,6,3.3154927319158762
6,2,4.811772763526488
7,5,3.0432107313785117
8,5,7.414936142062871
9,1,7.213502675304915
10,4,2.933827516485565
11,1,2.541151389765528
12,2,5.404043150661783
13,3,2.0197960324575175
14,7,8.127783989668506
15,4,2.5398928460043715
16,3,9.249162453677123
17,3,7.636232209271433
18,0,6.053388710163498
19,1,3.2702500679222144
20,1,2.14799224816237
