T,FC,x1
1,0,5.095255361277224
2,1,9.009807043949534
3,4,7.347054604617199
4,1,5.1101338272828185
5,1,6.24491609134593
6,2,5.247890119193348
7,3,7.194589323750544
8,3,3.3719318341061686
9,0,7.325752250606461
10,0,3.1081256503766843
11,2,3.8478942586140352
12,0,5.385030979465956
13,4,5.238671270176121
14,2,2.459574020095731
15,4,3.2949726028002138
16,2,3.054906191405299
17,0,6.6841947576183625
18,2,4.591509802578855
19,1,8.129365793606638
20,0,8.042136975341709
