T,FC,x1
1,0,3.0468573393500353
2,2,7.470814608819943
3,1,3.0690957543278112
4,4,4.359383990264412
5,5,4.025297811594681
6,7,7.9757462342382865
7,4,3.0797740360965244
8,6,5.436705855081233
9,8,5.872058585308058
10,9,6.739909919302798
11,6,3.865634152158502
12,3,4.049167051344492
13,4,4.699686459354622
14,2,2.2612376323638
15,3,5.92015006116848
16,5,7.206630163341469
17,6,7.145089062540791
18,3,4.942004998178656
19,5,6.884046980730671
20,4,6.655150643691648
