T,FC,x1
1,3,7.160838907586325
2,2,9.5878304165754
3,1,3.3182033464633776
4,0,5.904747174288796
5,1,6.726405179706503
6,1,6.787615908879368
7,0,4.472559425370771
8,1,5.6961829299281295
9,1,4.954178191595849
10,1,7.895671425429307
11,2,5.747857747718005
12,0,7.2239397677014106
13,1,4.968030005658968
14,0,4.702253662842358
15,1,5.328294420492879
16,1,5.2545051550787765
17,1,6.304047147310722
18,1,2.8034352952335935
19,1,2.0608356346434618
20,0,3.392697190062654
