T,FC,x1
1,0,6.114556705759594
2,0,3.318157446232772
3,2,8.257963801978608
4,4,2.0849617971554224
5,2,4.054733523120354
6,6,5.833952417624568
7,4,4.352838063234706
8,6,6.975728168250363
9,3,8.026136552730694
10,4,2.0582320751340326
11,1,3.6389215379705235
12,4,6.643911624183515
13,5,4.563275046336184
14,1,4.518309228065005
15,2,7.700649663010799
16,1,5.917205404188028
17,4,5.226377429082039
18,1,3.0472564055673694
19,6,5.224663100087869
20,1,3.732392350262778
