T,FC,x1
1,0,8.259210146436862
2,0,5.579842777542906
3,2,4.418731404526845
4,0,4.509110670774885
5,0,6.231748276474782
6,0,5.125986918228872
7,0,5.4604156207240315
8,0,6.276965954382522
9,1,7.11923471323587
10,0,4.074983308964443
11,1,3.8280493481425553
12,4,7.155203680504628
13,0,6.158568745913227
14,0,4.101313714439802
15,0,5.756037877090266
16,0,7.693438680023539
17,0,6.754832772755587
18,0,6.595607131541065
19,0,3.4825801581410607
20,1,3.0419791075569442
