T,FC,x1
1,3,6.898167403254847
2,0,4.566754041569423
3,2,7.004050486847992
4,0,6.133749939905903
5,1,2.968264115636909
6,1,7.119263496840656
7,1,4.5453721795836675
8,0,8.848225198874971
9,0,5.345457882570037
10,0,3.5936238475695483
11,2,7.987628289331335
12,0,2.4297807035852843
13,1,4.074531140596056
14,2,5.6338400702354345
15,0,2.838566907785134
16,0,5.86940429700144
17,2,2.8843747046392476
18,2,6.406656629737331
19,0,2.319619702582459
20,0,6.136626785430112
