T,FC,x1
1,2,3.5007145730182168
2,3,5.889605981594482
3,3,6.206293828381969
4,0,7.53472493013481
5,5,5.96328115884892
6,3,8.99301725586398
7,1,4.491020946133833
8,4,8.553945999385636
9,1,2.068991095770899
10,1,6.27953170555258
11,4,8.152475790503884
12,0,7.064196974527627
13,3,6.0061914781283505
14,5,5.058497706228395
15,5,3.2827305007624927
16,4,8.98564300694737
17,0,4.095377343670562
18,4,9.077819699981017
19,2,2.2847456371638897
20,0,7.018041168179966
