T,FC,x1
1,0,3.3630068281507355
2,5,3.960077771333673
3,6,4.529228487971359
4,8,7.867825579500354
5,4,4.7691714085522765
6,0,4.5655837018497
7,4,3.3656187899599628
8,4,7.328224935929109
9,3,4.0091543434811365
10,2,2.5620997586747825
11,6,6.063846117301113
12,4,5.166604363834362
13,4,5.327347351310035
14,3,3.2312297403857233
15,4,9.426367549873778
16,2,2.8777305626084506
17,4,2.2753976879607785
18,2,3.516291270281056
19,5,3.0564255133539655
20,3,2.416847162055034
