T,FC,x1
1,1,10.646862376819355
2,1,6.395992971973156
3,1,4.990642840349438
4,1,6.185722570218479
5,3,2.6554806794859256
6,2,3.125482382723156
7,1,2.0586105658167204
8,2,2.6387523559467114
9,0,4.123301507200228
10,2,7.235609748311228
11,4,5.4004228060590815
12,1,8.292346597525087
13,2,6.30338326163228
14,2,7.235162914433595
15,1,8.166628331665231
16,2,7.522397678556155
17,0,2.782627541586713
18,3,4.584376005820365
19,0,6.864560910698913
20,0,3.200298083413041
