T,FC,x1
1,5,7.152056933698945
2,2,6.732401029404974
3,2,6.339170666880927
4,4,6.967663838752682
5,2,5.289769722253082
6,6,5.053109056327505
7,1,7.394648541927711
8,2,4.728153788954904
9,1,4.435203437755646
10,2,4.186872634244919
11,1,6.119091423947978
12,1,5.094995829856605
13,2,4.001341292899359
14,2,6.37734188769167
15,1,3.7369946534359406
16,2,5.381927737971233
17,0,6.560079796223864
18,1,3.057058387351428
19,2,7.579242230708474
20,3,7.141554661562752
