T,FC,x1
1,7,4.201963457200316
2,2,4.207194935046093
3,4,2.2743348491402555
4,4,6.142549389949053
5,3,5.078061377549684
6,4,7.535435457600477
7,6,7.02122570299653
8,2,6.222525106673691
9,3,3.980974083299823
10,0,2.281801494481732
11,1,6.981450897284541
12,2,7.488328234516305
13,1,5.040519952379921
14,1,4.749870374977216
15,1,2.4280096720732374
16,4,3.2853127720622517
17,1,3.2411329655723113
18,1,6.090852665843023
19,3,7.751698288989878
20,2,3.3492046191340945
