T,FC,x1
1,0,9.082451958779261
2,1,7.247527987804729
3,2,5.522638271039272
4,4,7.009223360442142
5,3,2.5376431074223786
6,0,2.2858339419614753
7,0,4.150153450412732
8,3,8.296359837699063
9,1,3.4104209472109903
10,3,6.909902446873594
11,1,8.203244708536236
12,4,5.300043295682897
13,0,7.819395063038313
14,2,6.635438739781458
15,2,8.312047383480206
16,3,9.801510659896184
17,2,8.066315696652522
18,2,5.762384111701962
19,0,5.616510606866204
20,3,2.0253524517850376
