T,FC,x1
1,2,2.851334595352115
2,2,7.861727868385704
3,3,2.883466679430921
4,0,2.1777650944785316
5,1,4.644533140561657
6,1,3.29929604723822
7,0,6.294733566685802
8,2,9.291249057954452
9,2,7.840642266069868
10,3,4.533802291353675
11,1,5.696206551785559
12,2,4.291422271112736
13,0,4.576084754421765
14,0,2.4612178110257252
15,0,7.630444649650452
16,3,3.0462620733773442
17,1,6.080909374357427
18,1,7.07011624154449
19,1,5.852390304682055
20,1,7.2457705051395775
