T,FC,x1
1,2,6.364097274084522
2,0,6.187281741708636
3,2,5.639060390398107
4,0,4.589851249547042
5,5,3.7279344247254116
6,4,6.714941285969051
7,4,4.236455322168426
8,6,8.174514606021821
9,8,3.1927715526478764
10,4,2.052212760309281
11,7,3.2238173919677093
12,5,7.023682453459633
13,4,2.1935725544269813
14,8,4.704881564425974
15,9,4.850449675932989
16,5,5.417927073653719
17,2,3.2929699733667985
18,5,2.2213118337209647
19,4,5.517083831194245
20,3,8.562819556870833
