T,FC,x1
1,0,4.1924945231475235
2,0,6.7532870205927225
3,1,8.90689560589414
4,5,4.86242659095118
5,5,6.301035172524408
6,2,5.387441329849844
7,0,8.365611469573254
8,1,7.518816057509779
9,2,3.188348008687829
10,0,4.8486325934668
11,3,6.238143346916233
12,2,11.943733531411164
13,2,5.648545631754744
14,2,7.150403128227794
15,0,2.0324128341052257
16,4,6.628552077738214
17,0,4.244097603804255
18,1,5.469689254753416
19,0,6.138690547791636
20,0,4.468513795063421
