T,FC,x1
1,0,4.6970425355145515
2,68,7.609085613248359
3,41,4.360113058284631
4,14,5.016439231454617
5,4,2.9316012412856893
6,1,4.790166340551946
7,0,2.0852369776616837
8,0,5.683244278158561
9,0,2.6270102926548162
10,0,2.7718309126340275
11,0,3.695240607827971
12,0,2.0524449697361864
13,0,5.112651356659049
14,0,4.424122816501908
15,0,8.855078781676644
16,0,4.091266636319588
17,0,4.362056219261764
18,0,4.353661930330387
19,0,5.212037375447658
20,0,5.429337271367073
