T,FC,x1
1,0,3.526521522961768
2,0,5.727989953534292
3,2,8.190985411254498
4,1,7.45257197762046
5,6,3.183213972975121
6,4,5.59417496981693
7,5,6.749033581418352
8,3,7.661063250507464
9,4,4.83195570106608
10,4,6.95770459030477
11,7,7.345609608218659
12,7,5.970534955191548
13,2,4.838640319748301
14,9,6.841935403570599
15,7,6.271252543662217
16,5,3.278245249458069
17,4,3.3232725892680746
18,4,6.780525701251765
19,2,6.462235484858711
20,2,5.176214492003071
