T,FC,x1
1,2,6.40528301170309
2,1,3.575462195812742
3,4,6.111162662951382
4,2,7.309329855774918
5,3,4.118924530820184
6,5,6.213805820275406
7,1,2.8856250967189885
8,3,3.804457595863398
9,6,3.500026273649274
10,0,3.3887047450782064
11,2,2.476277548195811
12,5,4.3156311223767325
13,3,6.0530143949183355
14,4,4.075159497535672
15,2,3.3030404149274606
16,4,4.87027225414809
17,3,6.527048245975163
18,5,3.7421849170437222
19,5,4.453284341837612
20,2,6.952195628982466
