T,FC,x1
1,1,5.1435248333307735
2,2,6.65257126892655
3,2,6.764464099835515
4,3,3.9078753178524
5,3,6.144592041535462
6,4,8.062847781914787
7,3,3.869692094241194
8,4,3.2238867986489197
9,5,5.8648534880010175
10,7,3.3831770191342327
11,8,2.796503056258517
12,8,8.022978022683581
13,4,5.847391185160569
14,14,6.261927912885271
15,3,6.691486000094165
16,5,5.571449268361963
17,4,5.825575037356208
18,3,2.378048266362482
19,4,6.839824574635399
20,2,6.236783531260813
