T,FC,x1
1,2,4.7135737848485455
2,2,7.697897496380436
3,3,4.0173150472834305
4,6,4.022092870222229
5,5,4.814147690249262
6,3,3.1754371848094447
7,4,6.357314322665852
8,1,4.229586538568098
9,3,6.104681381185019
10,2,7.659302727747764
11,1,3.7129258414079898
12,0,3.947491384487072
13,1,4.086036346501275
14,2,7.234852104030527
15,1,6.462498781913702
16,1,7.674249077056796
17,4,2.4711685268307426
18,2,5.142923047207078
19,4,4.624439903109209
20,1,2.563045987406081
