T,FC,x1
1,1,2.1140351149877583
2,1,5.7916417062971215
3,2,11.228783340739296
4,4,3.5243267211354263
5,2,6.828206506463066
6,7,5.399996784961756
7,4,8.71699445621957
8,6,4.627970168166584
9,4,2.105850745868008
10,4,7.058674740759421
11,4,6.959243362786277
12,1,5.019395691383379
13,3,5.832251170392231
14,1,5.533395545380271
15,6,8.748045158578803
16,3,2.717008834336971
17,3,7.544113385416266
18,3,5.753655647676512
19,3,5.4322337481849035
20,2,7.737743366188895
