T,FC,x1
1,1,3.084690772062847
2,1,3.673464607047905
3,2,8.156696543223505
4,6,7.501636851263868
5,4,5.266676420120145
6,2,2.728814613255068
7,4,8.017670445502647
8,4,7.61635534328597
9,4,2.2909063862953802
10,4,5.351268224540595
11,2,6.972095206176683
12,4,2.2055258385692262
13,2,6.150003095586411
14,3,6.004533552712324
15,4,4.623729336077863
16,4,6.614995332434311
17,1,4.86159390863876
18,2,5.698117880422611
19,2,7.227122173118213
20,1,4.183054213709953
