T,FC,x1
1,2,2.048066001117249
2,2,9.097920554046203
3,1,4.574564316608233
4,2,9.485568715805007
5,1,4.169123259266784
6,3,6.510389698730423
7,1,5.726087317105245
8,0,2.246257231772695
9,0,5.91650673289059
10,2,6.760708659052138
11,0,2.432415320534485
12,0,7.269353358111729
13,2,7.378657692356965
14,2,2.855345173604739
15,1,5.110669046347226
16,1,3.0433935909331526
17,1,4.311592898262303
18,0,7.681339739106408
19,1,7.357130632387611
20,1,3.622235791447956
