T,FC,x1
1,0,4.980176522251094
2,6,4.618321041956687
3,3,4.483500820089511
4,2,6.008987169510276
5,5,9.109937200219374
6,2,7.587426883753164
7,1,3.3887254936336118
8,3,2.1673096300274777
9,1,6.7565147521614515
10,2,5.109619085845588
11,1,5.175258936549437
12,3,2.446291302809562
13,0,8.092339309429972
14,1,7.019054728559848
15,2,6.0547172597034
16,1,7.205073748822812
17,3,6.418948118426442
18,0,6.475860408804858
19,0,7.14467552703518
20,2,7.348540513897005
