T,FC,x1
1,0,5.79914032132608
2,1,6.43937644519898
3,1,2.97653386796726
4,5,8.226902013863954
5,5,8.205004214357626
6,2,7.944139193813208
7,6,9.623098835431017
8,3,6.44250079314736
9,0,3.6734734179470543
10,6,7.555339645495042
11,3,4.649679846719983
12,0,5.219576361610169
13,4,2.2053910324556716
14,3,6.914976195846519
15,2,2.3137858598463494
16,0,4.703358535913534
17,4,5.8762754076482855
18,2,3.906143172855476
19,4,6.75505115318141
20,1,7.031004215506369
