T,FC,x1
1,6,6.114006541880766
2,0,4.2355453143128186
3,1,7.588002115935756
4,3,3.1681506016063787
5,5,6.312015064033557
6,3,7.911872639251508
7,2,13.451827179820189
8,2,7.481935315824481
9,3,2.5404789959496155
10,1,5.004407972033714
11,2,6.517628913345663
12,3,6.901521018450819
13,2,8.335152544533553
14,1,3.9260253428526832
15,1,6.1482709202637755
16,2,7.145802065284538
17,2,2.555472885668027
18,1,8.15417531740361
19,1,7.189405646427068
20,3,7.018762311470311
