T,FC,x1
1,1,7.451530821765483
2,1,7.752660050130517
3,1,3.227982110189346
4,1,7.903138270329476
5,0,5.044172544519987
6,0,4.4089360480983135
7,3,5.688631208683554
8,0,5.652412299814582
9,1,5.853880264546702
10,1,8.565586166011474
11,2,6.162209551975181
12,2,3.2214840270215417
13,2,5.80720184002382
14,2,6.248332575901195
15,0,3.605338623411422
16,2,4.334449748196585
17,1,3.7232000696018277
18,0,5.325027877548904
19,0,6.893738936327412
20,0,6.342707209354094
