T,FC,x1
1,2,2.9544542281492223
2,2,3.119268986848594
3,1,4.768210263412496
4,1,5.39185907356928
5,1,6.233539729197253
6,3,5.938300861562202
7,3,7.085182258754608
8,4,2.495487373701881
9,1,5.546668208967846
10,5,10.073608687561487
11,4,5.421680855924681
12,3,2.2475248774650947
13,2,6.296975439002414
14,3,4.421638479108589
15,5,6.6065105547979766
16,3,3.104891726476423
17,2,3.8679531557150857
18,1,3.0138410891361898
19,3,4.451502620785267
20,3,6.214704689478847
