T,FC,x1
1,5,3.8339991719011475
2,0,8.295454342698271
3,0,4.179069688089485
4,0,7.095880459252439
5,3,11.948417760565139
6,1,5.572902246022964
7,3,5.950624926564453
8,2,6.362165553890595
9,1,6.523346607828539
10,1,4.51424475130272
11,3,2.5897331889287316
12,3,2.727560530491428
13,2,3.7994980610948477
14,2,5.570990115748862
15,5,8.839976936349935
16,1,5.964992948582575
17,1,4.417222742097074
18,2,5.361519816789139
19,4,6.393114058771815
20,0,7.527880494437696
