T,FC,x1
1,0,7.91464982870642
2,2,3.6436092987876334
3,2,3.999176721944805
4,1,7.196589251421782
5,5,7.041728348700869
6,4,6.314444060402906
7,5,6.713027656500207
8,2,6.696287135350763
9,2,6.380001312399454
10,3,7.3798768513016455
11,2,3.073619404218795
12,3,2.565017090660681
13,1,6.560867887275435
14,2,9.07451296821883
15,0,3.52821113470662
16,4,4.871647953139822
17,3,7.717841358925083
18,1,7.377969457954802
19,1,4.4448664262377715
20,0,7.7068219325242096
