T,FC,x1
1,0,4.301329421317661
2,5,7.834517652152373
3,2,6.252482737215055
4,4,4.1150090046420535
5,3,2.601696863986909
6,10,6.572089391197057
7,6,5.987558278475753
8,8,5.361564516218137
9,6,5.183042957349814
10,5,7.685837844687645
11,11,6.190715167522684
12,8,8.922337599903669
13,7,5.283850601012986
14,6,2.199266058938024
15,4,7.012498001664464
16,3,6.817837511834937
17,3,6.51319258631694
18,4,7.671637525858863
19,6,7.2788548056427445
20,4,5.199270742361628
