T,FC,x1
1,1,7.249450372165371
2,5,5.513350419900016
3,1,4.231554111131927
4,2,2.508164877392947
5,5,2.3863667061584586
6,2,7.934298748410875
7,3,6.604501563457392
8,0,7.450899961364231
9,6,2.90999647279952
10,1,6.200589632266013
11,2,3.1317141127452675
12,2,5.27713274262525
13,0,5.978983444602273
14,2,7.437103138518436
15,3,9.545604141766784
16,3,7.23087431508946
17,0,3.126217603805765
18,2,7.637918812618908
19,2,4.090655335467519
20,0,5.301371385314607
