T,FC,x1
1,0,3.892499869311556
2,75,7.139552651621765
3,44,7.109591104136463
4,13,3.0167038291405834
5,3,7.443156270660724
6,2,2.3737935521023035
7,0,4.142656468658074
8,0,6.1048389656035305
9,0,7.694431854995967
10,0,9.18041637135353
11,0,4.039530737508155
12,0,4.080633224395356
13,0,8.109677505032598
14,0,5.415035974373184
15,0,2.5514534737224492
16,0,3.5413554347712326
17,0,7.239838020082446
18,0,6.633314326121354
19,0,8.917094421174355
20,0,6.463967080213193
