T,FC,x1
1,0,6.190510396556642
2,1,3.5452133975415285
3,3,2.954881742894384
4,2,2.300135999472541
5,2,6.949448714520615
6,4,3.047862011466338
7,14,7.176299298360382
8,7,5.619734526182696
9,5,5.184194467418292
10,10,6.6885446599486285
11,7,4.1277963480121915
12,13,4.202062554828524
13,2,7.492289263127597
14,8,7.757106791231664
15,5,7.093205004105626
16,0,3.153190423291073
17,5,5.095493433882958
18,4,6.1991952944021
19,4,3.4279866493860047
20,0,4.97996263567502
