T,FC,x1
1,0,7.621442124546639
2,2,3.0017162856871678
3,2,8.490859930336722
4,4,7.949824973944898
5,0,3.6568012119265494
6,3,5.030106722938804
7,1,2.829517735247721
8,0,2.0496239498110373
9,0,3.8775378247278756
10,1,7.909553988814404
11,0,8.315701077020144
12,2,3.0164236823678245
13,1,8.87348070567985
14,0,6.435414927018646
15,2,6.379458492029295
16,1,5.246357139778587
17,0,3.7493355193887172
18,4,5.293757254772048
19,2,10.182515010312839
20,1,8.425244055407788
