T,FC,x1
1,1,7.830343289266784
2,1,6.001938154475522
3,1,4.969409947697563
4,1,2.1357235611564658
5,2,5.498773563742471
6,0,4.192081788211167
7,3,4.291307934959736
8,1,3.5486977564766344
9,0,4.202691057668669
10,0,8.786449924957463
11,2,6.416192287594145
12,0,6.205397233038666
13,2,4.262271493464491
14,2,2.5531224733820186
15,4,6.141218323457233
16,1,3.725526661147181
17,2,6.604396730395484
18,4,6.405670068717145
19,4,6.062325631840924
20,2,4.670140108037197
