T,FC,x1
1,0,3.5811948637378523
2,58,4.323120930307044
3,42,6.125553614676373
4,12,6.284790439953207
5,2,5.381947167623269
6,0,6.396287463897628
7,0,4.400348382799317
8,0,3.8835438602043384
9,0,3.280205862911621
10,0,6.828572042786028
11,0,4.2420512596463755
12,0,7.128337047009169
13,0,3.157438002068528
14,0,3.162896550155934
15,0,4.089571095148907
16,0,2.491494154584471
17,0,3.309542959863437
18,0,4.262518156423169
19,0,7.748257569927389
20,0,5.507345415688354
