T,FC,x1
1,0,7.035261131181626
2,1,4.328651153123428
3,1,4.587776528359935
4,3,7.046695961560793
5,4,4.819720083453579
6,9,2.82394081447987
7,3,4.845829721494449
8,5,4.841750441661735
9,12,4.372775918316904
10,8,5.324427091841622
11,5,6.668208172769063
12,5,4.2666423262532405
13,8,9.214613809984968
14,12,3.6413771272211437
15,4,7.017053437630048
16,4,7.176932555135025
17,0,4.239062576668963
18,3,4.3408002429221275
19,3,4.813113927092651
20,6,6.844891155460293
