T,FC,x1
1,4,5.060315391758173
2,4,2.1578249496017023
3,5,8.48562170606799
4,1,3.471081388314807
5,2,7.702941286460493
6,7,7.377863680846116
7,5,6.526429476127342
8,5,5.689894574713441
9,3,2.5528596649881132
10,6,2.6282954956694455
11,5,3.600651221419161
12,2,7.159139751488588
13,5,3.195433361933896
14,1,6.5298841179709655
15,4,6.664852628974462
16,2,2.0020917199183668
17,2,6.331003491498995
18,2,6.1053264939317895
19,4,5.658283695978968
20,4,8.529096788561276
