T,FC,x1
1,3,6.765001348746248
2,0,5.467661511089006
3,1,4.125359414168194
4,1,3.2436176487460764
5,1,8.163431530709465
6,1,7.075997466761563
7,1,5.912731377729496
8,0,4.98650388353714
9,2,5.17040236509628
10,3,7.765697311352107
11,1,6.09634534310193
12,1,6.051078930221726
13,2,6.3568290994236545
14,3,4.111388761184187
15,2,7.94937822141188
16,1,6.660479005843133
17,1,7.194156713880437
18,1,3.2663387840488385
19,1,8.141843528767044
20,0,2.3252409254942874
