T,FC,x1
1,0,7.0435205293074485
2,2,2.69078692358822
3,2,6.117555190998509
4,6,7.163935880309927
5,7,5.420507113733576
6,7,6.150581971492627
7,11,7.242758130568953
8,4,5.042230292010929
9,9,6.078933710402906
10,6,6.326277643965918
11,7,5.608069548992031
12,3,2.676017481384672
13,12,4.3416791805442845
14,9,8.093245411164247
15,4,3.9076912911533124
16,9,8.267511062233815
17,3,9.196468940520589
18,4,7.453432163894811
19,4,4.073501858226767
20,3,3.5450674951889347
