T,FC,x1
1,1,5.154694306916464
2,74,6.739189341365096
3,38,3.503833344580786
4,15,2.280537925233225
5,4,4.403612380976572
6,1,6.150639760803715
7,0,6.12885063981631
8,0,6.290687761913594
9,0,4.082338754574835
10,0,5.253309476931217
11,0,5.165359334754628
12,0,5.59339840428922
13,0,7.688799918828583
14,0,5.935866364467058
15,0,5.315320137165638
16,0,7.2584984610691485
17,0,2.0033585601989814
18,0,8.374137835731748
19,0,6.186596653555794
20,0,3.279233103739283
