T,FC,x1
1,1,3.3584004649085726
2,1,4.477153806523207
3,2,5.534819423075585
4,3,7.208041744725065
5,6,6.197158520915522
6,1,7.374461112815923
7,1,7.045157576394242
8,2,9.548138595742827
9,3,6.577676646816671
10,4,4.277388569739383
11,1,3.282541242596518
12,3,5.083982757511797
13,0,6.747539465302571
14,4,2.0149240734246643
15,1,3.0238501535045663
16,2,5.537216579571454
17,0,3.966849232246652
18,3,6.075604373933797
19,2,2.541160388824588
20,3,5.2227733979117925
