T,FC,x1
1,0,4.620360847775471
2,2,6.56026292485558
3,0,6.36934720383643
4,4,6.999569562384391
5,1,7.448313147209079
6,2,2.081992560346623
7,1,2.848943281834719
8,3,5.542622581557914
9,2,3.103204116891737
10,3,4.71114359920569
11,1,2.102594903459286
12,2,5.795437054239104
13,3,7.181333402184912
14,2,6.844628104526597
15,0,2.5385201047217194
16,4,3.6281161713021963
17,3,8.76339646820759
18,1,2.5347725495647886
19,0,4.187968376011386
20,1,7.8262175708557695
