T,FC,x1
1,1,7.121511087165666
2,1,7.796196101058442
3,5,3.3942471864263397
4,7,6.778147769181337
5,5,3.5794655427100146
6,8,7.240691656106135
7,5,5.257177721543711
8,8,6.419007365582702
9,10,7.457321343127389
10,4,4.261793063306755
11,5,7.359679363299979
12,13,7.110315365612733
13,9,8.32048174239604
14,5,3.6617340290881946
15,5,2.743643535464197
16,2,4.608946143181988
17,0,4.074381566632707
18,4,4.471867556988089
19,4,5.827269210301447
20,2,6.427905554339515
