T,FC,x1
1,0,4.006182968024352
2,1,2.337314416460308
3,1,9.699614913129992
4,3,7.623817362494237
5,3,6.177242255724946
6,5,4.81111572727778
7,0,7.069589119091399
8,5,6.157006899667131
9,1,5.250392512483442
10,3,5.575569466141641
11,4,4.107649655826512
12,2,5.9745823924592445
13,1,3.309229014088604
14,4,6.869334491175056
15,6,4.1147938133917235
16,2,8.194158069705543
17,2,3.498459086772694
18,2,5.745459918715353
19,7,8.613116875950785
20,2,2.045048325844104
