T,FC,x1
1,0,8.631903916180482
2,0,5.395265699369753
3,0,6.375442160401941
4,1,4.1472938786924
5,0,7.628023269827905
6,2,7.562470484864823
7,1,5.261189781366386
8,0,2.24343938689466
9,3,8.109444396997263
10,1,7.910327657369564
11,1,5.086398874811716
12,1,6.048972789765448
13,1,7.403218727248715
14,1,7.662202368333156
15,3,4.0116750547249245
16,1,7.176456679714706
17,2,4.2149538811634
18,0,4.059910398301887
19,2,5.9893179034523065
20,2,4.709264292975552
