T,FC,x1
1,0,5.960727937452279
2,3,7.218286582564844
3,1,7.016528452597741
4,1,6.120578113762949
5,2,4.238824760704516
6,1,7.065244947629869
7,0,2.585045179494488
8,0,6.924865806240675
9,2,3.2767249782747534
10,1,5.0013028126074035
11,1,2.128792695642463
12,0,3.06416752341672
13,1,2.712666159622279
14,1,3.222923991809753
15,3,5.898637556382046
16,1,3.013284822136651
17,1,6.587752691404133
18,3,4.830585446546358
19,1,9.7242575110106
20,0,3.038272297394516
