T,FC,x1
1,0,10.2417239616087
2,2,4.705764715793218
3,3,5.485951482665671
4,2,2.5009357471971203
5,2,6.214651246731863
6,2,8.054857876049226
7,2,3.879702151059531
8,4,4.3570947515090745
9,2,4.765686615976185
10,3,4.156432769048211
11,2,7.1330888631144695
12,2,6.226007628112867
13,2,4.154573318406116
14,2,3.514680753563078
15,3,5.852931481898592
16,6,6.518631090915023
17,3,5.576537082112029
18,3,4.8172449250252845
19,1,2.055874250390898
20,4,2.9537076768688646
