T,FC,x1
1,1,6.043221518727034
2,3,7.150928134603029
3,2,5.354363006074637
4,4,5.740623336779433
5,7,2.8446868246425945
6,6,5.850824577169587
7,2,2.172906020322254
8,8,5.53384721660831
9,3,3.0164299696196606
10,4,6.418071675210997
11,4,7.478498961099696
12,5,7.040429703517485
13,5,7.037406322119328
14,6,3.3781603553732684
15,2,7.507173007366488
16,3,4.933568969482162
17,2,3.241100607268621
18,4,4.124215116802495
19,2,5.734801985708745
20,2,8.63138404783353
