T,FC,x1
1,3,6.22754883542817
2,1,2.8059727266551504
3,1,4.544561742079894
4,2,4.821480703441631
5,2,7.4156255970888125
6,4,5.547579663057368
7,4,4.899455026704802
8,3,3.4506172356238656
9,4,3.920799035389024
10,3,6.2037159310084125
11,4,4.460384902874928
12,3,4.026662156072717
13,3,4.698342015477822
14,4,5.720501312181537
15,1,5.641530275978438
16,1,6.577502777270697
17,3,7.614622735041015
18,1,3.818992416598515
19,3,7.132190161887956
20,6,5.688511184808579
