T,FC,x1
1,2,7.158275417304107
2,0,5.715359413657522
3,0,8.330513309783964
4,1,2.218914149370212
5,1,6.579154894370898
6,1,4.01012641082664
7,0,6.036672475129351
8,3,2.330536209890959
9,3,8.30310281752813
10,1,4.496594376683347
11,0,5.6837199480175675
12,2,6.85223479683416
13,0,4.903245089197396
14,1,3.1800221201918495
15,0,4.684293695798078
16,0,5.8465606867099265
17,0,3.635032188862281
18,1,3.725357411150932
19,1,4.72069412938242
20,2,5.251915705819415
