T,FC,x1
1,0,8.050078146151556
2,2,2.359261794259963
3,3,8.749284260342208
4,4,4.624154531861152
5,6,3.6464460439640343
6,8,9.288705851951779
7,3,6.5740685109799575
8,5,2.315778975631382
9,1,8.465193570894176
10,3,6.081057162109702
11,0,3.7951486979359106
12,0,2.6856065023237243
13,2,4.379067734365279
14,2,5.728376852905213
15,1,3.636095793609697
16,0,7.106888649836517
17,1,10.245648728567701
18,1,6.367518605613106
19,2,7.6438623006474264
20,0,3.115173365957838
