T,FC,x1
1,3,4.31187960015983
2,1,5.309119083603158
3,0,5.062706908658245
4,1,5.286381235277307
5,0,6.10964377632172
6,1,6.199045179723801
7,0,6.245552951193968
8,0,2.977606977442355
9,2,5.548055806696278
10,1,8.646390155626637
11,1,2.636467306894846
12,3,7.0884845507174
13,0,6.116952143354128
14,4,7.190830454137152
15,0,7.009711523667187
16,2,5.221263505833118
17,0,2.001514359123124
18,0,6.310943050453174
19,0,5.800281724399885
20,0,5.864666917941138
