T,FC,x1
1,0,2.818950928604012
2,3,6.158349335326827
3,1,5.5726794337856305
4,2,6.27512295511046
5,6,2.214858009956125
6,3,3.25760939971544
7,7,4.02792482743008
8,5,7.185955658434764
9,5,5.203758233415002
10,12,4.263461715472662
11,8,8.105265493942941
12,6,6.937506684596945
13,3,3.228935030612087
14,4,7.211875755495798
15,8,5.987152702376634
16,3,5.595709248936256
17,7,7.231403394870515
18,6,4.238116033391843
19,2,7.061478780965472
20,2,5.873472079051646
