T,FC,x1
1,1,4.132508131385701
2,1,2.5561278005055517
3,4,2.6620147436950585
4,2,3.637983488230926
5,4,7.110076715335905
6,5,3.4993671584986794
7,9,7.8114617240910205
8,4,2.0280960815106646
9,3,5.052280459265875
10,4,2.266938437667798
11,3,4.241008190040198
12,7,6.371293066836905
13,6,3.6325425516687186
14,8,2.464722222075136
15,7,5.391044380429946
16,7,7.283754031166179
17,4,5.2311768687721685
18,3,7.343943825998693
19,6,3.7421160574999206
20,1,6.6577634616413075
