T,FC,x1
1,0,8.155518290755545
2,0,2.4334294418541544
3,1,5.9259377856379745
4,0,7.439370010235805
5,2,3.9475482391290972
6,3,4.447429911086796
7,2,6.209679900155992
8,0,3.644383928814783
9,0,7.714200749481229
10,0,7.578706887996969
11,0,7.232311252603909
12,1,2.8940417026587864
13,0,7.410272680876918
14,2,7.33693537128908
15,1,4.320473465789865
16,1,5.816880827896016
17,1,7.153522336190328
18,1,3.1192972319471193
19,2,8.968125867567139
20,0,4.148037463086919
