T,FC,x1
1,4,7.538847649656095
2,0,7.600688243187435
3,2,3.009866492823071
4,2,6.137260555535684
5,3,6.6693583374362175
6,2,3.4838774948455002
7,1,4.611613014810169
8,0,2.4058247972592612
9,3,7.367735763681886
10,2,7.335512637291439
11,0,3.644704366911138
12,1,7.019850226804028
13,3,4.347704733930921
14,0,3.946486437665695
15,0,7.970431624640598
16,1,2.8695961360176847
17,1,3.390828042311862
18,1,5.024171340774673
19,0,5.274994574354228
20,1,3.3484616494454293
