T,FC,x1
1,0,6.5065545429178
2,2,6.955860641308452
3,3,2.146035520883059
4,3,3.042041526641073
5,3,3.979527299770756
6,7,5.439839696850366
7,1,2.2995852052799974
8,4,4.510118484170347
9,1,4.969692919471698
10,5,5.553442561679353
11,2,3.4660330964045833
12,3,7.2929501122938065
13,3,7.335091294226974
14,4,5.935368608932575
15,4,6.0090346798300756
16,3,2.554365618117861
17,1,2.118488956020341
18,2,6.456584195138118
19,1,5.121012373180409
20,2,6.837686971168468
