T,FC,x1
1,2,6.371660882024673
2,0,6.452150420273106
3,1,3.4748276857817197
4,2,7.140298509377177
5,5,11.18443830064916
6,3,8.53057194491516
7,5,4.04253904084767
8,2,3.867895304953848
9,1,4.559528413821479
10,3,3.0066779082414303
11,0,5.109221435937649
12,2,7.008300401624762
13,1,4.349614915600506
14,1,2.3194939017862537
15,2,3.1640363248292642
16,1,9.64269873449841
17,1,4.825351713985951
18,1,9.07852208893596
19,1,6.060354429163828
20,1,7.073618062463421
