T,FC,x1
1,1,4.204070015782047
2,4,5.637211996500275
3,0,9.875299722543488
4,2,3.3622541980464136
5,2,4.054707491302957
6,3,7.123093861040544
7,4,7.464150309383218
8,0,9.505948701904334
9,2,3.5384734560962867
10,3,5.569728975576385
11,2,5.662506283427048
12,1,6.38249275454327
13,2,4.423342751368918
14,1,6.115704383110505
15,3,4.412479873003765
16,2,7.0778454131361075
17,1,6.5312483803362955
18,4,7.126848977806535
19,4,4.072101785712329
20,2,6.148310933439509
