T,FC,x1
1,1,5.106420097246087
2,4,5.316357154281148
3,1,6.347920830303089
4,3,8.966167725214635
5,0,4.036590382934127
6,0,5.207475267694227
7,4,7.749022758536573
8,2,7.189535276696928
9,4,4.068165803725941
10,0,7.399717695645952
11,0,6.18721033593246
12,0,4.198790151018784
13,2,6.545142957440338
14,2,7.493904463060739
15,0,10.527369742445256
16,2,7.882143058391518
17,4,7.005190957748338
18,0,7.126184784933986
19,2,5.804956701071593
20,1,4.092662111896504
