T,FC,x1
1,2,3.8853728965279677
2,4,7.8421907473045644
3,5,7.2075335433502925
4,1,3.3714448468393665
5,2,7.1606108852955455
6,3,4.5238068061382215
7,4,7.433497496273009
8,5,3.603088491557532
9,4,2.4778757008689114
10,3,4.006428652551176
11,5,6.674079247233205
12,2,6.363819700911256
13,1,7.284065644450336
14,1,7.045778846401834
15,1,7.973821508486877
16,2,3.379108733921319
17,0,2.6765593290330494
18,1,5.202324356576186
19,4,3.959486494833169
20,1,5.061952100854394
