T,FC,x1
1,1,7.240932668785563
2,62,6.745617475172015
3,40,6.681175680598073
4,9,4.528714395006738
5,2,7.041107846212348
6,0,5.788110551048242
7,0,4.1137303225072275
8,0,7.600037400867307
9,0,4.66092813402697
10,0,6.469272619941411
11,0,4.147068566592893
12,0,7.5415033585077
13,0,5.478648332147511
14,0,6.451328359996454
15,0,6.157393915465766
16,0,7.682551364331432
17,0,5.5993890070470655
18,0,4.2051092928586575
19,0,8.636541034693366
20,0,6.770234749810057
