T,FC,x1
1,3,5.196394064133254
2,0,2.5518981404072867
3,1,7.0741781757634685
4,2,5.000182734508675
5,1,3.783823729150382
6,1,4.104204680924711
7,1,8.270754833621885
8,1,4.3896230097584885
9,3,6.439928400931377
10,1,6.6255572821725535
11,4,5.541854395904983
12,0,8.455896899367866
13,2,12.28764614867498
14,1,3.000866965633525
15,1,2.489934178926263
16,2,5.153874160586459
17,1,7.429263210390257
18,1,7.185487196951736
19,2,9.054873163019368
20,3,6.648216651859775
