T,FC,x1
1,1,8.847635539811822
2,2,5.797934085772391
3,0,8.983775613887289
4,2,6.896443969958823
5,2,2.1464805289929747
6,0,6.122362723117096
7,0,7.508508189233948
8,2,2.9065802447899833
9,2,2.054616623075528
10,3,4.882321247212829
11,1,5.62199651619869
12,1,4.476212421464463
13,0,3.349109270504427
14,0,6.162047934489873
15,1,6.821890421789703
16,2,5.25538643992976
17,2,2.1691677529701057
18,0,5.17564421997505
19,1,4.148729418587188
20,0,8.219585319323315
