T,FC,x1
1,2,6.4097859336920715
2,2,3.6607111075910996
3,1,7.18839439650321
4,0,2.1144378355212634
5,1,7.116288293400104
6,1,3.6070903294356294
7,1,5.550901937925843
8,2,9.404267119941016
9,2,3.64092646424055
10,1,5.250635555043974
11,2,6.784534825569421
12,1,7.110909875269606
13,3,3.9205132002109213
14,3,5.894338412401701
15,1,7.441733774636173
16,0,5.859437171170284
17,1,2.7026066409528635
18,1,5.956271448163773
19,0,7.9616672452442865
20,0,3.7442453740357053
