T,FC,x1
1,4,5.103931690416174
2,0,3.4892440762370263
3,2,5.289479366047307
4,2,2.3798035320485464
5,2,6.3998202320655
6,1,6.162468337984804
7,1,3.7684589342680868
8,3,5.504397777258488
9,3,2.417093868693479
10,2,2.0617017472288093
11,1,7.257393382984752
12,0,3.368453752399117
13,2,5.083989346857534
14,2,3.469435553313136
15,3,5.592013357122144
16,0,3.147800071784594
17,0,4.170838441006049
18,1,8.448530692668651
19,0,3.2845142162823264
20,0,8.150333504738573
