T,FC,x1
1,2,3.381264306623959
2,1,4.036771047647256
3,4,4.335892336197075
4,3,6.43595958197962
5,4,2.9689949444812775
6,2,5.012407384838706
7,2,8.535016601144665
8,1,3.115853617774192
9,1,2.9031626353051325
10,3,4.809515542011301
11,3,3.64332058987109
12,2,5.224890991808743
13,4,5.050661966769641
14,3,4.906032400164451
15,4,3.1549443760106417
16,5,2.3148198859838005
17,5,2.8790490740561188
18,3,5.012597184771284
19,2,9.278740532786212
20,2,8.334268890296372
