T,FC,x1
1,0,6.4510905456208505
2,1,8.295755435201599
3,0,3.0268247273157978
4,3,8.086439493912925
5,0,6.7052927052291
6,3,5.253831009883889
7,0,2.0048847117846247
8,1,2.9593229457463748
9,0,2.457151142483058
10,1,2.162807788004149
11,2,3.0705491779892893
12,1,5.7463958048639405
13,0,9.889491419835112
14,0,5.643026680793501
15,1,4.129628325030078
16,0,5.099030724636127
17,2,6.08212704208482
18,0,4.071149841818431
19,0,2.3108113978753346
20,0,5.065940285501621
