T,FC,x1
1,4,5.803981638143922
2,3,7.360611216766402
3,5,5.032426095246719
4,2,6.049960445962956
5,3,2.0286521879375665
6,3,6.261017164587798
7,1,3.222516395411885
8,3,3.063790700437745
9,0,9.583462979453737
10,7,4.706145655039872
11,3,4.315570659040869
12,1,7.614885644454867
13,6,7.6924218111067475
14,3,7.1769283269633934
15,0,3.0674989276952522
16,4,3.0167420129269886
17,1,7.883199603139255
18,0,7.179499623592079
19,2,2.1431956873111524
20,0,9.053788151407149
