T,FC,x1
1,0,6.074924153132878
2,2,5.803456792106836
3,2,5.4875746579043465
4,2,2.4941251121273122
5,0,7.1981022071287235
6,0,6.183219392631045
7,1,7.369096706424974
8,0,6.261862479550839
9,2,3.7648002311742017
10,0,6.9698253779797215
11,0,2.024750838714618
12,1,3.5937848201734144
13,2,8.661347665808469
14,1,4.790526886567847
15,1,7.633670306837792
16,2,6.357869258360318
17,1,10.006606784743422
18,2,6.342675847248858
19,2,9.715141225357218
20,0,3.317260317384889
