T,FC,x1
1,0,5.436167553030283
2,0,4.733489609831609
3,0,5.816701872147592
4,1,3.2345723431337152
5,1,3.651471455466017
6,2,5.285080068262406
7,1,3.6367609014338216
8,2,8.364836381273207
9,1,5.065136264016974
10,3,3.173229245084686
11,2,3.297712443458521
12,1,4.251565835093988
13,1,4.005221389174023
14,1,6.183843060542167
15,1,3.79159028404402
16,1,6.082505825052455
17,2,6.04305462285472
18,3,9.376446101055873
19,4,6.219676309528312
20,1,4.38180442618516
