T,FC,x1
1,4,3.395209674322031
2,3,7.208312587462208
3,3,7.138390211381683
4,2,2.006184924437087
5,0,5.434700904473674
6,1,3.5999117889247447
7,4,3.6206738359267456
8,1,3.9328918427680737
9,0,6.1831199227026135
10,0,5.311804722877186
11,2,2.5414585065781004
12,1,8.260510264376164
13,2,3.7187758633604364
14,2,5.094373078902162
15,0,5.429726539400818
16,2,5.0481064358340895
17,2,5.141188866634268
18,1,3.9595378916191257
19,2,7.30099243136193
20,1,8.201967176653195
