T,FC,x1
1,1,4.046903987406686
2,2,6.166649956811263
3,2,7.527641712178123
4,3,6.8437724170574015
5,3,8.801519748912428
6,5,4.725086163956904
7,2,6.424688917280459
8,6,5.94694152223142
9,2,8.900503424156662
10,4,7.1557581502074505
11,3,2.076855033206332
12,3,8.9408024080238
13,7,4.787280741104668
14,3,6.376287133331257
15,2,5.556660141330822
16,2,4.11348909484262
17,2,4.75953002028722
18,3,5.604371159752464
19,1,6.079595991000026
20,1,3.0677901669451533
