T,FC,x1
1,1,8.666641578503748
2,0,4.488084086685607
3,1,4.4159141568794595
4,1,3.038928900111155
5,3,7.937319367659534
6,2,2.0939971590362205
7,2,6.068134396804264
8,3,7.189188379591008
9,2,5.659439022068743
10,4,6.347797409287238
11,5,5.512186608186572
12,2,6.311773615504849
13,1,7.391212784046589
14,0,4.504883025698543
15,5,5.0540058076018415
16,1,4.427242083326344
17,2,6.281792820045194
18,2,4.857696980859705
19,3,3.4364844584264618
20,1,4.109232088694076
