T,FC,x1
1,1,8.36682529864258
2,0,3.6014159206906657
3,4,5.316377344566443
4,4,6.156230059015912
5,5,6.548182163937154
6,2,6.106068457403337
7,3,2.908164043048198
8,6,4.34239492139524
9,7,7.154325201246313
10,7,8.788679732269115
11,7,6.318479129908646
12,5,7.018908148087215
13,5,3.627148012595283
14,4,6.127755410461897
15,4,6.92089537500425
16,3,5.866471968331495
17,8,5.154724178081148
18,7,4.083662401425086
19,3,6.28105360447662
20,5,3.767894763521675
