T,FC,x1
1,7,7.0600328174911215
2,0,8.326044172009802
3,3,5.390137962225919
4,5,3.108155514412359
5,1,6.659691972545927
6,6,7.231692514059964
7,0,4.962968303384113
8,2,4.693530856120385
9,7,4.772359378715356
10,6,4.0997118453574934
11,4,5.532512779883685
12,2,4.88994391707007
13,1,8.18439767064688
14,2,4.877085446681413
15,5,4.053492395204645
16,0,6.56355698554953
17,3,7.6584606131199795
18,3,11.026119723638947
19,2,4.099924037634562
20,1,8.942444703550933
