T,FC,x1
1,0,6.6691806923494035
2,61,7.186104000265036
3,35,4.214499227066563
4,11,3.699504068008322
5,3,6.900291016588765
6,0,5.149057326090734
7,0,5.846154263352435
8,0,7.967943258475758
9,0,6.008794515386828
10,0,9.37171737236006
11,0,5.248842782444367
12,0,2.5242383050221346
13,0,9.882944181605207
14,0,2.1776157941147796
15,0,3.06431772615047
16,0,7.79171686002946
17,0,5.867595150307957
18,0,7.3755486075507495
19,0,5.157745918897756
20,0,5.77826092836554
