T,FC,x1
1,1,5.581075816363131
2,0,6.269749621643183
3,1,6.0833914483837495
4,5,2.8452022938350687
5,4,4.133278148627786
6,5,2.5203507629167983
7,6,8.037966826763732
8,4,6.251163473473526
9,4,4.263081631274658
10,2,6.235697634947171
11,5,3.4061244385358593
12,3,6.43431435675075
13,6,6.580574294237331
14,3,2.7890240780400095
15,5,7.020739914041498
16,4,5.0226724606866116
17,6,7.495441219447247
18,3,7.617551198030187
19,3,4.207276226334411
20,2,5.292091174932274
