T,FC,x1
1,1,6.2429247565604005
2,1,6.528477672809572
3,1,4.29813846699792
4,0,5.894722779877163
5,0,3.8273150264012155
6,2,5.244413092463819
7,1,2.291407375155244
8,2,3.029406306812745
9,0,5.5146198659955425
10,2,8.698972353475583
11,1,4.250221927367013
12,0,8.6536208263658
13,1,5.8758110337653155
14,0,3.1308148579475206
15,0,6.113651661207223
16,0,6.161736809451707
17,0,8.044415627059474
18,0,3.3124017680109348
19,1,5.005942732913246
20,1,7.376812800089837
