T,FC,x1
1,0,6.012977623655266
2,6,2.394513002630752
3,2,5.892228307644908
4,5,2.604633348966207
5,0,6.506305021336559
6,2,2.2055864527374207
7,4,4.266051993581933
8,1,4.168703715840472
9,0,5.020672295416188
10,2,2.385316385248475
11,3,5.52800330364651
12,5,10.274477938978496
13,2,7.010410750385518
14,1,7.933018356600046
15,3,6.714617881669937
16,1,4.204900279906452
17,0,5.996898147668963
18,2,8.21452305780917
19,3,4.1068939689152355
20,3,4.199051361978592
