T,FC,x1
1,2,6.488834932466087
2,2,5.151152483644454
3,1,2.4370603163108533
4,0,3.3700445964772427
5,0,7.780610753406924
6,2,6.548194845001261
7,2,9.48146002812523
8,2,7.0203622465722955
9,0,3.364769443276082
10,1,4.937448944112985
11,0,5.134508167947217
12,0,6.327585248491936
13,1,2.800008923208422
14,2,8.103693043459991
15,1,4.1021952264249535
16,1,8.468990525769811
17,1,7.289247771317623
18,1,4.410984785877377
19,0,2.304588166829181
20,2,4.757081405200486
