T,FC,x1
1,3,5.049745857706606
2,4,9.597009821135792
3,1,6.120672638300282
4,4,8.534888940430433
5,1,6.681130750195895
6,1,3.925640544551627
7,1,4.405893846188894
8,0,5.463565461708656
9,1,6.092247875879963
10,3,6.4790729847534365
11,2,7.199089460098116
12,1,4.716495167478646
13,0,5.2065449709890395
14,1,2.428089631334374
15,1,5.153705821049594
16,2,2.2350835197353702
17,1,7.6088049063428
18,0,9.196472998859708
19,2,3.429451809420421
20,0,6.970522283932056
