T,FC,x1
1,2,3.9018870904710257
2,2,5.228345409094154
3,5,11.496601051372355
4,1,7.884727386109298
5,2,5.694276016921318
6,2,6.510631450977971
7,2,2.066885591158212
8,1,3.904796165037671
9,1,8.01216153145086
10,1,5.324947035878035
11,2,7.9107510658395865
12,2,5.25225899766398
13,2,5.93120822950365
14,4,9.675138869992416
15,0,6.249586874109789
16,5,8.62045819738232
17,1,4.951604300699751
18,0,7.266729456907372
19,0,5.614821286153493
20,2,3.5215104235514527
