T,FC,x1
1,0,3.4295410813017244
2,0,6.9532097403229915
3,4,6.214161613063124
4,2,2.1950285210183944
5,4,4.370483769732906
6,3,5.258771344930953
7,7,5.400763431231713
8,4,7.199328306572863
9,6,5.87145107763218
10,6,6.356025638790546
11,4,7.905259892034596
12,6,10.344362906925037
13,4,6.129693094960548
14,7,7.909538973921177
15,2,5.268851346157296
16,3,2.157632109648449
17,4,3.3348607551450797
18,3,7.218294851927464
19,4,6.0620624350132015
20,5,4.742102896151948
