T,FC,x1
1,0,8.881790151275357
2,1,2.295583571310453
3,2,4.993394103481401
4,3,3.2456438230417985
5,3,7.837701503627003
6,1,6.014021268495955
7,4,6.3988058720899685
8,3,6.734399640140067
9,1,6.716250004014883
10,4,4.136943497158056
11,3,6.084259531839753
12,3,4.457206411798745
13,1,2.9117472095138806
14,2,4.5719905842774295
15,4,2.1269433189703384
16,2,6.195255763696959
17,2,3.273966395998361
18,2,2.59180256217136
19,5,6.149553144699048
20,0,8.0224951294197
