T,FC,x1
1,0,2.6206635248548102
2,67,7.161852073150862
3,43,2.263851305475799
4,18,3.3949806281660004
5,4,6.923723196818486
6,1,3.2005692440576197
7,0,2.2237851940936535
8,0,4.167673318338127
9,0,4.29089195102147
10,0,4.441903205861833
11,0,3.093473465929674
12,0,5.588391550406685
13,0,4.191266462103541
14,0,3.579110304008816
15,0,4.249893546123019
16,0,6.7396923292966395
17,0,6.461416993135048
18,0,3.5686463892315934
19,0,2.184304801920673
20,0,7.790758289945889
