T,FC,x1
1,0,6.331905391727249
2,0,5.19489743445966
3,3,2.1297611110807932
4,1,5.325356310935184
5,7,5.184199272182174
6,2,2.4793987259725108
7,2,4.330415612664114
8,4,9.192245194741876
9,4,10.51947374898186
10,9,2.415260385533288
11,3,4.927242319355542
12,3,7.7111094046006805
13,5,7.321780400770799
14,7,3.738641997736868
15,6,9.308938275147835
16,6,6.512582338452397
17,9,8.523612897246647
18,3,5.859593004049024
19,5,6.483433622129544
20,2,8.06709252928243
