T,FC,x1
1,1,2.7067827162000047
2,2,8.19228667408494
3,2,3.149007652325058
4,1,9.08541332631322
5,0,4.371123993729208
6,2,7.565186661755712
7,1,4.04350640751802
8,1,6.0955946733581765
9,1,6.833073478078603
10,0,7.140510451616299
11,1,5.527613453316221
12,1,2.2592895297956628
13,0,2.341851991239128
14,0,6.542609444772735
15,0,7.1985237797178865
16,1,7.1038474402476846
17,0,8.684901791925355
18,0,2.9048605579689033
19,0,7.044334941122806
20,0,5.13834121449482
