T,FC,x1
1,2,5.629125189767098
2,1,7.52332557092921
3,1,9.882409040222859
4,1,5.833799377667486
5,0,6.261783089783649
6,2,4.808257996734923
7,0,4.456801826663227
8,1,7.847842192994902
9,1,5.090074150473656
10,2,2.1903982975559697
11,1,2.807712250288088
12,3,5.2063319734845726
13,3,6.191308599693049
14,1,3.979696825912353
15,2,3.0480218068573555
16,0,3.959390787773882
17,0,3.2816578687895257
18,0,7.404510495793067
19,0,7.637638090314549
20,2,4.1069887809803
