T,FC,x1
1,8,8.645450932147856
2,2,4.207896576099511
3,1,2.074315462937625
4,3,7.728564507494354
5,2,4.289172053522255
6,2,5.74636305987656
7,1,4.319802846394828
8,2,7.811090148999098
9,5,7.992145873104331
10,5,5.871920809942072
11,1,5.818134548783893
12,5,7.644488631658844
13,2,4.066580162593664
14,6,8.128439323783157
15,2,4.186745664954333
16,2,6.096626733081219
17,1,4.13219988968678
18,2,7.437332441231552
19,1,3.5783916121262966
20,3,7.1332834853510425
