T,FC,x1
1,1,4.304902873591122
2,3,5.425756765718141
3,4,7.063581506858351
4,2,7.970553953750118
5,2,3.926149417397985
6,4,2.800117854508094
7,4,3.2863934609565435
8,5,7.988623327548842
9,1,2.8651950175002456
10,5,3.536241175689905
11,5,5.588960653998953
12,1,6.323898003305854
13,3,4.4285345599515
14,1,6.805540212124267
15,2,4.285754865153032
16,6,7.829113478902701
17,6,8.327132234066696
18,2,7.965328082103958
19,2,3.1845337224017327
20,1,7.90627082347265
