T,FC,x1
1,1,4.177320871362759
2,1,6.739902546992335
3,2,6.206399346960196
4,0,5.053128216011453
5,3,4.44776328137762
6,3,3.6948456137411627
7,5,4.448694243925914
8,0,2.037758471571916
9,4,8.683610398375802
10,4,5.12274261237417
11,1,3.9575971012074476
12,2,7.4367131074354305
13,2,2.230822137009875
14,4,7.294911555630851
15,3,5.8379763360925265
16,1,3.6469873562084203
17,3,7.581440654469608
18,0,8.804504532521841
19,0,10.74938024615559
20,2,4.68996833222901
