T,FC,x1
1,1,7.593249425703712
2,1,5.476257277539926
3,1,6.802261861084521
4,2,7.7892429933857255
5,5,5.368689846426101
6,3,3.6450616187334544
7,3,3.536051481777636
8,3,3.022130831207546
9,3,2.2845076603022267
10,3,6.973729607000778
11,4,4.062490344476424
12,3,5.857704953760979
13,2,5.492660872826097
14,3,8.540667664252716
15,2,3.636365167074931
16,4,4.206793282208712
17,2,6.045072359683515
18,0,4.770058835485741
19,1,3.650366286256837
20,1,5.129820390080552
